Key,English,French
ACHIEVEMENT_KILL_AIBATT_NAME,Aibatt,Aibatt
ACHIEVEMENT_KILL_MUSHPANG_NAME,Mushpang,Mushpang
ACHIEVEMENT_KILL_BURUDENG_NAME,Burudeng,Burudeng
ACHIEVEMENT_KILL_PUKEPUKE_NAME,Pukepuke,Pukepuke
ACHIEVEMENT_KILL_PEAKYTURTLE_NAME,Peakyturtle,Peakyturtle
ACHIEVEMENT_KILL_DEMIAN_NAME,Demian,Démian
ACHIEVEMENT_KILL_DORIDOMA_NAME,Doridoma,Doridoma
ACHIEVEMENT_KILL_LAWOLF_NAME,Lawolf,Lawolf
ACHIEVEMENT_KILL_FEFERN_NAME,Fefern,Fefern
ACHIEVEMENT_KILL_NYANGNYANG_NAME,Nyangnyang,Nyangnyang
ACHIEVEMENT_KILL_BANG_NAME,Bang,Bang
ACHIEVEMENT_KILL_MOTHBEE_NAME,Mothbee,Mothbee
ACHIEVEMENT_KILL_WAGSAAC_NAME,Wagsaac,Wagsaac
ACHIEVEMENT_KILL_FLYBAT_NAME,Flybat,Flybat
ACHIEVEMENT_KILL_MIA_NAME,Mia,Mia
ACHIEVEMENT_KILL_MRPUMPKIN_NAME,Mr. Pumpkin,Pumpkin
ACHIEVEMENT_KILL_REDMANTIS_NAME,Redmantis,Mantis
ACHIEVEMENT_KILL_ZENDROS_NAME,Zendros,Zendros
ACHIEVEMENT_KILL_JACKTHEHAMMER_NAME,Jack the Hammer,Jackammer
ACHIEVEMENT_KILL_GIGGLEBOX_NAME,Giggle Box,Giggle Box
ACHIEVEMENT_KILL_ROCKMUSCLE_NAME,Rock Muscle,Musclor
ACHIEVEMENT_KILL_BUCROW_NAME,Bucrow,Bucrow
ACHIEVEMENT_KILL_NEPARUBA_NAME,Neparuba,Neparuba
ACHIEVEMENT_KILL_HOBO_NAME,Hobo,Hobo
ACHIEVEMENT_KILL_DUMBBULL_NAME,Dumbbull,Dumbull
ACHIEVEMENT_KILL_TOTEMIA_NAME,Totemia,Totemia
ACHIEVEMENT_KILL_CARDPUPPET_NAME,Cardpuppet,Puppet
ACHIEVEMENT_KILL_FLBYRIGEN_NAME,Flybrigen,Flybrigen
ACHIEVEMENT_KILL_TOMBSTONEBEARER_NAME,Tombstone Bearer,Tombstone
ACHIEVEMENT_KILL_SCOPICON_NAME,Scorpicon,Scorpic
ACHIEVEMENT_KILL_BASQUE_NAME,Basque,Bask
ACHIEVEMENT_KILL_PRANKSTER_NAME,Prankster,Prankster
ACHIEVEMENT_KILL_ROCKEPELLER_NAME,Rockepeller,Rockepeller
ACHIEVEMENT_KILL_WHEELEM_NAME,Wheelem,Wheelem
ACHIEVEMENT_KILL_LEYENA_NAME,Leyena,Leyena
ACHIEVEMENT_KILL_TRANGFOMA_NAME,Trangfoma,Trangfoma
ACHIEVEMENT_KILL_STEAMWALKER_NAME,Steam Walker,Steamwalker
ACHIEVEMENT_KILL_STEELKNIGHT_NAME,Steel Knight,Steelknight
ACHIEVEMENT_KILL_ZOMBIGER_NAME,Zombiger,Zombiger
ACHIEVEMENT_KILL_NUTTYWHEEL_NAME,Nuttywheel,Nuttywheel
ACHIEVEMENT_KILL_NUCTUVEHICLE_NAME,Nuctuvehicle,Nuctuhicule
ACHIEVEMENT_KILL_DRILLER_NAME,Driller,Driller
ACHIEVEMENT_KILL_RISEM_NAME,Risem,Risem
ACHIEVEMENT_KILL_GRRR_NAME,Grrr,Grrr
ACHIEVEMENT_KILL_VOLT_NAME,Volt,Volt
ACHIEVEMENT_KILL_ELDERGUARD_NAME,Elderguard,Eldergard
ACHIEVEMENT_KILL_DUMP_NAME,Dump,Dump
ACHIEVEMENT_KILL_GARBAGEPIDER_NAME,Garbagespider,Garbagespider
ACHIEVEMENT_KILL_ZENMA_NAME,Zenma,Zenma
ACHIEVEMENT_KILL_CRANEMACHINERY_NAME,Crane Machinery,Cranechinery
ACHIEVEMENT_KILL_NAUTREPY_NAME,Nautrepy,Nautrepy
ACHIEVEMENT_KILL_SYLIACA_NAME,Syliaca,Syliaca
ACHIEVEMENT_KILL_GREEMONG_NAME,Greemong,Greemong
ACHIEVEMENT_KILL_BOO_NAME,Boo,Boo
ACHIEVEMENT_KILL_CARRIERBOMB_NAME,Carrierbomb,Caboom
ACHIEVEMENT_KILL_LONGWANG_NAME,Longwing,Longwing
ACHIEVEMENT_KILL_HOPPRE_NAME,Hoppre,Hoppre
ACHIEVEMENT_KILL_MUSHPOIE_NAME,Mushpoie,Mushpoie
ACHIEVEMENT_KILL_IREN_NAME,Iren,Iren
ACHIEVEMENT_KILL_WATANGKA_NAME,Watangka,Watangka
ACHIEVEMENT_KILL_FAFNIR_NAME,Fafnir,Fafnir
ACHIEVEMENT_KILL_ANTIQUERY_NAME,Antiquery,Treant
ACHIEVEMENT_KILL_LUIA_NAME,Luia,Luia
ACHIEVEMENT_KILL_GONGURY_NAME,Gongury,Gongury
ACHIEVEMENT_KILL_SHUHAMMA_NAME,Shuhamma,Shuhamma
ACHIEVEMENT_KILL_KERN_NAME,Kern,Kern
ACHIEVEMENT_KILL_GORRUDA_NAME,Gorruda,Gorruda
ACHIEVEMENT_KILL_GLAPHAN_NAME,Glaphan,Glaphan
ACHIEVEMENT_KILL_KIMERADON_NAME,Chimeradon,Kimeradon
ACHIEVEMENT_KILL_BEARNUCKY_NAME,Bearnerky,Bearnerky
ACHIEVEMENT_KILL_MUFFRIN_NAME,Muffrin,Muffrin
ACHIEVEMENT_KILL_POPCRANK_NAME,Popcrank,Joker
ACHIEVEMENT_KILL_CLOCKWORKS_NAME,Clockworks,Clockworks
ACHIEVEMENT_KILL_METEONYKER_NAME,Meteonyker,Meteonyker
ACHIEVEMENT_KILL_MEDUMET_NAME,Medumet,Medumet
ACHIEVEMENT_KILL_YETTI_NAME,Yetti,Yéti
ACHIEVEMENT_KILL_AUGU_NAME,Augu,Augu
ACHIEVEMENT_KILL_GHOSTKING_NAME,Ghost King,Roi Fantôme
ACHIEVEMENT_KILL_MAMMOTH_NAME,Mammoth,Mammouth
ACHIEVEMENT_KILL_ATROX_NAME,Atrox,Artrox
ACHIEVEMENT_KILL_TIGAR_NAME,Tigar,Taiga
ACHIEVEMENT_KILL_MERAL_NAME,Meral,Merel
ACHIEVEMENT_KILL_KINGSTER_NAME,Kingster,Langoustroy
ACHIEVEMENT_KILL_CREPER_NAME,Creper,Pincedure
ACHIEVEMENT_KILL_NAGA_NAME,Naga,Nagaro
ACHIEVEMENT_KILL_DORIAN_NAME,Dorian,Dorian
ACHIEVEMENT_KILL_OKEAN_NAME,Okean,Okéan
ACHIEVEMENT_KILL_KRAKEN_NAME,Kraken,Craken
ACHIEVEMENT_KILL_DREADFIN_NAME,Dreadfin,Dreadfin
ACHIEVEMENT_KILL_DREADSCALE_NAME,Dreadscale,Dreadscale
ACHIEVEMENT_KILL_LUMINFIN_NAME,Luminfin,Luminfin
ACHIEVEMENT_KILL_REDMETEONYKER_NAME,Red Meteonyker,Meteonyker Rouge
ACHIEVEMENT_KILL_CAVEMANCHIEF_NAME,Caveman Chief,Chef Homme des Cavernes
ACHIEVEMENT_KILL_TEMPLEGUARDIAN_NAME,Temple Guardian,Guardien du Temple
ACHIEVEMENT_KILL_GREATKRAKEN_NAME,Great Kraken,Grand Kraken
ACHIEVEMENT_KILL_PYRAMIDGUARDIAN_NAME,Pyramid Guardian,Gardien de la Pyramide
ACHIEVEMENT_KILL_CRYSTALDEVIL_NAME,Crystal Demon Lord,Seigneur Démon de Cristal
ACHIEVEMENT_KILL_BEASTKINGKHAN_NAME,Beast King Khan,Remardda
ACHIEVEMENT_KILL_SHADEKRITON_NAME,[Shade Lieutenant] Kriton,[Lieutenant de Shade] Kriton
ACHIEVEMENT_KILL_PUPPETWOLF_NAME,Hundur Sharpfoot,Lawolf des Plaines
ACHIEVEMENT_KILL_RYSENTRY_NAME,Samoset,Sentinelle Lycan
ACHIEVEMENT_KILL_RYGUARD_NAME,Kyouchish,Garde Lycan
ACHIEVEMENT_KILL_RYARCHER_NAME,Kanonicus,Archer Lycan
ACHIEVEMENT_KILL_RYMAGI_NAME,Mage Redcloud,Magicien Lycan
ACHIEVEMENT_KILL_RYWARRIOR_NAME,Taiaha,Guerrier Lycan
ACHIEVEMENT_KILL_SKELWOLF_NAME,Hellhound,Lawolf de l'Enfer
ACHIEVEMENT_KILL_RYBARGA_NAME,Chief Keokuk,Sorcier Lycan
ACHIEVEMENT_KILL_BEHEMOTH03_NAME,[God of Death] Demonic Ankou,[Dieu de la Mort] Ankou Démoniaque 
ACHIEVEMENT_KILL_AIBATT_LVL1,Aibatt Slayer 1,Tueur d'Aibatt I
ACHIEVEMENT_KILL_AIBATT_LVL2,Aibatt Slayer 2,Tueur d'Aibatt II
ACHIEVEMENT_KILL_AIBATT_LVL3,Aibatt Slayer 3,Tueur d'Aibatt III
ACHIEVEMENT_KILL_AIBATT_LVL4,Aibatt Slayer 4,Tueur d'Aibatt IV
ACHIEVEMENT_KILL_AIBATT_LVL5,Aibatt Hunter,Mangeur d'yeux d'Aibatts
ACHIEVEMENT_KILL_MUSHPANG_LVL1,Mushpang Slayer 1,Tueur de Mushpang I
ACHIEVEMENT_KILL_MUSHPANG_LVL2,Mushpang Slayer 2,Tueur de Mushpang II
ACHIEVEMENT_KILL_MUSHPANG_LVL3,Mushpang Slayer 3,Tueur de Mushpang III
ACHIEVEMENT_KILL_MUSHPANG_LVL4,Mushpang Slayer 4,Tueur de Mushpang IV
ACHIEVEMENT_KILL_MUSHPANG_LVL5,Mushpang Hunter,Pro de la cueillette
ACHIEVEMENT_KILL_BURUDENG_LVL1,Burudeng Slayer 1,Tueur de Burudeng I
ACHIEVEMENT_KILL_BURUDENG_LVL2,Burudeng Slayer 2,Tueur de Burudeng II
ACHIEVEMENT_KILL_BURUDENG_LVL3,Burudeng Slayer 3,Tueur de Burudeng III
ACHIEVEMENT_KILL_BURUDENG_LVL4,Burudeng Slayer 4,Tueur de Burudeng IV
ACHIEVEMENT_KILL_BURUDENG_LVL5,Burudeng Hunter,Scarabée
ACHIEVEMENT_KILL_PUKEPUKE_LVL1,Pukepuke Slayer 1,Tueur de Pukepuke I
ACHIEVEMENT_KILL_PUKEPUKE_LVL2,Pukepuke Slayer 2,Tueur de Pukepuke II
ACHIEVEMENT_KILL_PUKEPUKE_LVL3,Pukepuke Slayer 3,Tueur de Pukepuke III
ACHIEVEMENT_KILL_PUKEPUKE_LVL4,Pukepuke Slayer 4,Tueur de Pukepuke IV
ACHIEVEMENT_KILL_PUKEPUKE_LVL5,Pukepuke Hunter,Paysan
ACHIEVEMENT_KILL_PEAKYTURTLE_LVL1,Peakyturtle Slayer 1,Tueur de Peakyturtle I
ACHIEVEMENT_KILL_PEAKYTURTLE_LVL2,Peakyturtle Slayer 2,Tueur de Peakyturtle II
ACHIEVEMENT_KILL_PEAKYTURTLE_LVL3,Peakyturtle Slayer 3,Tueur de Peakyturtle III
ACHIEVEMENT_KILL_PEAKYTURTLE_LVL4,Peakyturtle Slayer 4,Tueur de Peakyturtle IV
ACHIEVEMENT_KILL_PEAKYTURTLE_LVL5,Peakyturtle Hunter,Porc-épic
ACHIEVEMENT_KILL_DEMIAN_LVL1,Demian Slayer 1,Tueur de Démian I
ACHIEVEMENT_KILL_DEMIAN_LVL2,Demian Slayer 2,Tueur de Démian II
ACHIEVEMENT_KILL_DEMIAN_LVL3,Demian Slayer 3,Tueur de Démian III
ACHIEVEMENT_KILL_DEMIAN_LVL4,Demian Slayer 4,Tueur de Démian IV
ACHIEVEMENT_KILL_DEMIAN_LVL5,Demian Hunter,Rebelle
ACHIEVEMENT_KILL_DORIDOMA_LVL1,Doridoma Slayer 1,Tueur de Doridoma I
ACHIEVEMENT_KILL_DORIDOMA_LVL2,Doridoma Slayer 2,Tueur de Doridoma II
ACHIEVEMENT_KILL_DORIDOMA_LVL3,Doridoma Slayer 3,Tueur de Doridoma III
ACHIEVEMENT_KILL_DORIDOMA_LVL4,Doridoma Slayer 4,Tueur de Doridoma IV
ACHIEVEMENT_KILL_DORIDOMA_LVL5,Doridoma Hunter,Chevalier des mers
ACHIEVEMENT_KILL_LAWOLF_LVL1,Lawolf Slayer 1,Tueur de Lawolf I
ACHIEVEMENT_KILL_LAWOLF_LVL2,Lawolf Slayer 2,Tueur de Lawolf II
ACHIEVEMENT_KILL_LAWOLF_LVL3,Lawolf Slayer 3,Tueur de Lawolf III
ACHIEVEMENT_KILL_LAWOLF_LVL4,Lawolf Slayer 4,Tueur de Lawolf IV
ACHIEVEMENT_KILL_LAWOLF_LVL5,Lawolf Hunter,Mâle alpha
ACHIEVEMENT_KILL_FEFERN_LVL1,Fefern Slayer 1,Tueur de Fefern I
ACHIEVEMENT_KILL_FEFERN_LVL2,Fefern Slayer 2,Tueur de Fefern II
ACHIEVEMENT_KILL_FEFERN_LVL3,Fefern Slayer 3,Tueur de Fefern III
ACHIEVEMENT_KILL_FEFERN_LVL4,Fefern Slayer 4,Tueur de Fefern IV
ACHIEVEMENT_KILL_FEFERN_LVL5,Fefern Hunter,Botaniste
ACHIEVEMENT_KILL_NYANGNYANG_LVL1,Nyangnyang Slayer 1,Tueur de Nyangnyang I
ACHIEVEMENT_KILL_NYANGNYANG_LVL2,Nyangnyang Slayer 2,Tueur de Nyangnyang II
ACHIEVEMENT_KILL_NYANGNYANG_LVL3,Nyangnyang Slayer 3,Tueur de Nyangnyang III
ACHIEVEMENT_KILL_NYANGNYANG_LVL4,Nyangnyang Slayer 4,Tueur de Nyangnyang IV
ACHIEVEMENT_KILL_NYANGNYANG_LVL5,Nyangnyang Hunter,Cosplayer
ACHIEVEMENT_KILL_BANG_LVL1,Bang Slayer 1,Tueur de Bang I
ACHIEVEMENT_KILL_BANG_LVL2,Bang Slayer 2,Tueur de Bang II
ACHIEVEMENT_KILL_BANG_LVL3,Bang Slayer 3,Tueur de Bang III
ACHIEVEMENT_KILL_BANG_LVL4,Bang Slayer 4,Tueur de Bang IV
ACHIEVEMENT_KILL_BANG_LVL5,Bang Hunter,Gangster
ACHIEVEMENT_KILL_MOTHBEE_LVL1,Mothbee Slayer 1,Tueur de Mothbee I
ACHIEVEMENT_KILL_MOTHBEE_LVL2,Mothbee Slayer 2,Tueur de Mothbee II
ACHIEVEMENT_KILL_MOTHBEE_LVL3,Mothbee Slayer 3,Tueur de Mothbee III
ACHIEVEMENT_KILL_MOTHBEE_LVL4,Mothbee Slayer 4,Tueur de Mothbee IV
ACHIEVEMENT_KILL_MOTHBEE_LVL5,Mothbee Hunter,Papillon
ACHIEVEMENT_KILL_WAGSAAC_LVL1,Wagsaac Slayer 1,Tueur de Wagsaac I
ACHIEVEMENT_KILL_WAGSAAC_LVL2,Wagsaac Slayer 2,Tueur de Wagsaac II
ACHIEVEMENT_KILL_WAGSAAC_LVL3,Wagsaac Slayer 3,Tueur de Wagsaac III
ACHIEVEMENT_KILL_WAGSAAC_LVL4,Wagsaac Slayer 4,Tueur de Wagsaac IV
ACHIEVEMENT_KILL_WAGSAAC_LVL5,Wagsaac Hunter,Toxique
ACHIEVEMENT_KILL_FLYBAT_LVL1,Flybat Slayer 1,Tueur de Flybat I
ACHIEVEMENT_KILL_FLYBAT_LVL2,Flybat Slayer 2,Tueur de Flybat II
ACHIEVEMENT_KILL_FLYBAT_LVL3,Flybat Slayer 3,Tueur de Flybat III
ACHIEVEMENT_KILL_FLYBAT_LVL4,Flybat Slayer 4,Tueur de Flybat IV
ACHIEVEMENT_KILL_FLYBAT_LVL5,Flybat Hunter,Cyclope
ACHIEVEMENT_KILL_MIA_LVL1,Mia Slayer 1,Tueur de Mia I
ACHIEVEMENT_KILL_MIA_LVL2,Mia Slayer 2,Tueur de Mia II
ACHIEVEMENT_KILL_MIA_LVL3,Mia Slayer 3,Tueur de Mia III
ACHIEVEMENT_KILL_MIA_LVL4,Mia Slayer 4,Tueur de Mia IV
ACHIEVEMENT_KILL_MIA_LVL5,Mia Hunter,Boulet
ACHIEVEMENT_KILL_MRPUMPKIN_LVL1,Mr. Pumpkin Slayer 1,Tueur de Pumpkin I
ACHIEVEMENT_KILL_MRPUMPKIN_LVL2,Mr. Pumpkin Slayer 2,Tueur de Pumpkin II
ACHIEVEMENT_KILL_MRPUMPKIN_LVL3,Mr. Pumpkin Slayer 3,Tueur de Pumpkin III
ACHIEVEMENT_KILL_MRPUMPKIN_LVL4,Mr. Pumpkin Slayer 4,Tueur de Pumpkin IV
ACHIEVEMENT_KILL_MRPUMPKIN_LVL5,Mr. Pumpkin Hunter,Citrouillard
ACHIEVEMENT_KILL_REDMANTIS_LVL1,Redmantis Slayer 1,Tueur de Mantis I
ACHIEVEMENT_KILL_REDMANTIS_LVL2,Redmantis Slayer 2,Tueur de Mantis II
ACHIEVEMENT_KILL_REDMANTIS_LVL3,Redmantis Slayer 3,Tueur de Mantis III
ACHIEVEMENT_KILL_REDMANTIS_LVL4,Redmantis Slayer 4,Tueur de Mantis IV
ACHIEVEMENT_KILL_REDMANTIS_LVL5,Redmantis Hunter,Matriarche
ACHIEVEMENT_KILL_ZENDROS_LVL1,Zendros Slayer 1,Tueur de Zendros I
ACHIEVEMENT_KILL_ZENDROS_LVL2,Zendros Slayer 2,Tueur de Zendros II
ACHIEVEMENT_KILL_ZENDROS_LVL3,Zendros Slayer 3,Tueur de Zendros III
ACHIEVEMENT_KILL_ZENDROS_LVL4,Zendros Slayer 4,Tueur de Zendros IV
ACHIEVEMENT_KILL_ZENDROS_LVL5,Zendros Hunter,Démon
ACHIEVEMENT_KILL_JACKTHEHAMMER_LVL1,Jack the Hammer Slayer 1,Tueur de Jackammer I
ACHIEVEMENT_KILL_JACKTHEHAMMER_LVL2,Jack the Hammer Slayer 2,Tueur de Jackammer II
ACHIEVEMENT_KILL_JACKTHEHAMMER_LVL3,Jack the Hammer Slayer 3,Tueur de Jackammer III
ACHIEVEMENT_KILL_JACKTHEHAMMER_LVL4,Jack the Hammer Slayer 4,Tueur de Jackammer IV
ACHIEVEMENT_KILL_JACKTHEHAMMER_LVL5,Jack the Hammer Hunter,Complètement marteau
ACHIEVEMENT_KILL_GIGGLEBOX_LVL1,Giggle Box Slayer 1,Tueur de Gigglebox I
ACHIEVEMENT_KILL_GIGGLEBOX_LVL2,Giggle Box Slayer 2,Tueur de Gigglebox II
ACHIEVEMENT_KILL_GIGGLEBOX_LVL3,Giggle Box Slayer 3,Tueur de Gigglebox III
ACHIEVEMENT_KILL_GIGGLEBOX_LVL4,Giggle Box Slayer 4,Tueur de Gigglebox IV
ACHIEVEMENT_KILL_GIGGLEBOX_LVL5,Giggle Box Hunter,Chasseur de trésor
ACHIEVEMENT_KILL_ROCKMUSCLE_LVL1,Rock Muscle Slayer 1,Tueur de Musclor I
ACHIEVEMENT_KILL_ROCKMUSCLE_LVL2,Rock Muscle Slayer 2,Tueur de Musclor II
ACHIEVEMENT_KILL_ROCKMUSCLE_LVL3,Rock Muscle Slayer 3,Tueur de Musclor III
ACHIEVEMENT_KILL_ROCKMUSCLE_LVL4,Rock Muscle Slayer 4,Tueur de Musclor IV
ACHIEVEMENT_KILL_ROCKMUSCLE_LVL5,Rock Muscle Hunter,Balèze
ACHIEVEMENT_KILL_BUCROW_LVL1,Bucrow Slayer 1,Tueur de Bucrow I
ACHIEVEMENT_KILL_BUCROW_LVL2,Bucrow Slayer 2,Tueur de Bucrow II
ACHIEVEMENT_KILL_BUCROW_LVL3,Bucrow Slayer 3,Tueur de Bucrow III
ACHIEVEMENT_KILL_BUCROW_LVL4,Bucrow Slayer 4,Tueur de Bucrow IV
ACHIEVEMENT_KILL_BUCROW_LVL5,Bucrow Hunter,Tue-l'amour
ACHIEVEMENT_KILL_NEPARUBA_LVL1,Neparuba Slayer 1,Tueur de Neparuba I
ACHIEVEMENT_KILL_NEPARUBA_LVL2,Neparuba Slayer 2,Tueur de Neparuba II
ACHIEVEMENT_KILL_NEPARUBA_LVL3,Neparuba Slayer 3,Tueur de Neparuba III
ACHIEVEMENT_KILL_NEPARUBA_LVL4,Neparuba Slayer 4,Tueur de Neparuba IV
ACHIEVEMENT_KILL_NEPARUBA_LVL5,Neparuba Hunter,Vampire
ACHIEVEMENT_KILL_HOBO_LVL1,Hobo Slayer 1,Tueur de Hobo I
ACHIEVEMENT_KILL_HOBO_LVL2,Hobo Slayer 2,Tueur de Hobo II
ACHIEVEMENT_KILL_HOBO_LVL3,Hobo Slayer 3,Tueur de Hobo III
ACHIEVEMENT_KILL_HOBO_LVL4,Hobo Slayer 4,Tueur de Hobo IV
ACHIEVEMENT_KILL_HOBO_LVL5,Hobo Hunter,Clochard
ACHIEVEMENT_KILL_DUMBBULL_LVL1,Dumbbull Slayer 1,Tueur de Dumbull I
ACHIEVEMENT_KILL_DUMBBULL_LVL2,Dumbbull Slayer 2,Tueur de Dumbull II
ACHIEVEMENT_KILL_DUMBBULL_LVL3,Dumbbull Slayer 3,Tueur de Dumbull III
ACHIEVEMENT_KILL_DUMBBULL_LVL4,Dumbbull Slayer 4,Tueur de Dumbull IV
ACHIEVEMENT_KILL_DUMBBULL_LVL5,Dumbbull Hunter,Roi du rodéo
ACHIEVEMENT_KILL_TOTEMIA_LVL1,Totemia Slayer 1,Tueur de Totemia I
ACHIEVEMENT_KILL_TOTEMIA_LVL2,Totemia Slayer 2,Tueur de Totemia II
ACHIEVEMENT_KILL_TOTEMIA_LVL3,Totemia Slayer 3,Tueur de Totemia III
ACHIEVEMENT_KILL_TOTEMIA_LVL4,Totemia Slayer 4,Tueur de Totemia IV
ACHIEVEMENT_KILL_TOTEMIA_LVL5,Totemia Hunter,Vaudou
ACHIEVEMENT_KILL_CARDPUPPET_LVL1,Cardpuppet Slayer 1,Tueur de Puppet I
ACHIEVEMENT_KILL_CARDPUPPET_LVL2,Cardpuppet Slayer 2,Tueur de Puppet II
ACHIEVEMENT_KILL_CARDPUPPET_LVL3,Cardpuppet Slayer 3,Tueur de Puppet III
ACHIEVEMENT_KILL_CARDPUPPET_LVL4,Cardpuppet Slayer 4,Tueur de Puppet IV
ACHIEVEMENT_KILL_CARDPUPPET_LVL5,Cardpuppet Hunter,Marionnettiste
ACHIEVEMENT_KILL_FLBYRIGEN_LVL1,Flybrigen Slayer 1,Tueur de Flybrigen I
ACHIEVEMENT_KILL_FLBYRIGEN_LVL2,Flybrigen Slayer 2,Tueur de Flybrigen II
ACHIEVEMENT_KILL_FLBYRIGEN_LVL3,Flybrigen Slayer 3,Tueur de Flybrigen III
ACHIEVEMENT_KILL_FLBYRIGEN_LVL4,Flybrigen Slayer 4,Tueur de Flybrigen IV
ACHIEVEMENT_KILL_FLBYRIGEN_LVL5,Flybrigen Hunter,Mutant
ACHIEVEMENT_KILL_TOMBSTONEBEARER_LVL1,Tombstone Bearer Slayer 1,Tueur de Tombstone I
ACHIEVEMENT_KILL_TOMBSTONEBEARER_LVL2,Tombstone Bearer Slayer 2,Tueur de Tombstone II
ACHIEVEMENT_KILL_TOMBSTONEBEARER_LVL3,Tombstone Bearer Slayer 3,Tueur de Tombstone III
ACHIEVEMENT_KILL_TOMBSTONEBEARER_LVL4,Tombstone Bearer Slayer 4,Tueur de Tombstone IV
ACHIEVEMENT_KILL_TOMBSTONEBEARER_LVL5,Tombstone Bearer Hunter,Croquemort
ACHIEVEMENT_KILL_SCOPICON_LVL1,Scorpicon Slayer 1,Tueur de Scorpic I
ACHIEVEMENT_KILL_SCOPICON_LVL2,Scorpicon Slayer 2,Tueur de Scorpic II
ACHIEVEMENT_KILL_SCOPICON_LVL3,Scorpicon Slayer 3,Tueur de Scorpic III
ACHIEVEMENT_KILL_SCOPICON_LVL4,Scorpicon Slayer 4,Tueur de Scorpic IV
ACHIEVEMENT_KILL_SCOPICON_LVL5,Scorpicon Hunter,Espèce invasive
ACHIEVEMENT_KILL_BASQUE_LVL1,Basque Slayer 1,Tueur de Bask I
ACHIEVEMENT_KILL_BASQUE_LVL2,Basque Slayer 2,Tueur de Bask II
ACHIEVEMENT_KILL_BASQUE_LVL3,Basque Slayer 3,Tueur de Bask III
ACHIEVEMENT_KILL_BASQUE_LVL4,Basque Slayer 4,Tueur de Bask IV
ACHIEVEMENT_KILL_BASQUE_LVL5,Basque Hunter,Sniper
ACHIEVEMENT_KILL_PRANKSTER_LVL1,Prankster Slayer 1,Tueur de Prankster I
ACHIEVEMENT_KILL_PRANKSTER_LVL2,Prankster Slayer 2,Tueur de Prankster II
ACHIEVEMENT_KILL_PRANKSTER_LVL3,Prankster Slayer 3,Tueur de Prankster III
ACHIEVEMENT_KILL_PRANKSTER_LVL4,Prankster Slayer 4,Tueur de Prankster IV
ACHIEVEMENT_KILL_PRANKSTER_LVL5,Prankster Hunter,Archimage
ACHIEVEMENT_KILL_ROCKEPELLER_LVL1,Rockepeller Slayer 1,Tueur de Rockpeller I
ACHIEVEMENT_KILL_ROCKEPELLER_LVL2,Rockepeller Slayer 2,Tueur de Rockpeller II
ACHIEVEMENT_KILL_ROCKEPELLER_LVL3,Rockepeller Slayer 3,Tueur de Rockpeller III
ACHIEVEMENT_KILL_ROCKEPELLER_LVL4,Rockepeller Slayer 4,Tueur de Rockpeller IV
ACHIEVEMENT_KILL_ROCKEPELLER_LVL5,Rockepeller Hunter,Inventeur fou
ACHIEVEMENT_KILL_WHEELEM_LVL1,Wheelem Slayer 1,Tueur de Wheelem I
ACHIEVEMENT_KILL_WHEELEM_LVL2,Wheelem Slayer 2,Tueur de Wheelem II
ACHIEVEMENT_KILL_WHEELEM_LVL3,Wheelem Slayer 3,Tueur de Wheelem III
ACHIEVEMENT_KILL_WHEELEM_LVL4,Wheelem Slayer 4,Tueur de Wheelem IV
ACHIEVEMENT_KILL_WHEELEM_LVL5,Wheelem Hunter,Monocycliste
ACHIEVEMENT_KILL_LEYENA_LVL1,Leyena Slayer 1,Tueur de Leyena I
ACHIEVEMENT_KILL_LEYENA_LVL2,Leyena Slayer 2,Tueur de Leyena II
ACHIEVEMENT_KILL_LEYENA_LVL3,Leyena Slayer 3,Tueur de Leyena III
ACHIEVEMENT_KILL_LEYENA_LVL4,Leyena Slayer 4,Tueur de Leyena IV
ACHIEVEMENT_KILL_LEYENA_LVL5,Leyena Hunter,Prédateur
ACHIEVEMENT_KILL_TRANGFOMA_LVL1,Trangfoma Slayer 1,Tueur de Trangfoma I
ACHIEVEMENT_KILL_TRANGFOMA_LVL2,Trangfoma Slayer 2,Tueur de Trangfoma II
ACHIEVEMENT_KILL_TRANGFOMA_LVL3,Trangfoma Slayer 3,Tueur de Trangfoma III
ACHIEVEMENT_KILL_TRANGFOMA_LVL4,Trangfoma Slayer 4,Tueur de Trangfoma IV
ACHIEVEMENT_KILL_TRANGFOMA_LVL5,Trangfoma Hunter,Sous tension
ACHIEVEMENT_KILL_STEAMWALKER_LVL1,Steam Walker Slayer 1,Tueur de Steamwalker I
ACHIEVEMENT_KILL_STEAMWALKER_LVL2,Steam Walker Slayer 2,Tueur de Steamwalker II
ACHIEVEMENT_KILL_STEAMWALKER_LVL3,Steam Walker Slayer 3,Tueur de Steamwalker III
ACHIEVEMENT_KILL_STEAMWALKER_LVL4,Steam Walker Slayer 4,Tueur de Steamwalker IV
ACHIEVEMENT_KILL_STEAMWALKER_LVL5,Steam Walker Hunter,Steampunk
ACHIEVEMENT_KILL_STEELKNIGHT_LVL1,Steel Knight Slayer 1,Tueur de Steelknight I
ACHIEVEMENT_KILL_STEELKNIGHT_LVL2,Steel Knight Slayer 2,Tueur de Steelknight II
ACHIEVEMENT_KILL_STEELKNIGHT_LVL3,Steel Knight Slayer 3,Tueur de Steelknight III
ACHIEVEMENT_KILL_STEELKNIGHT_LVL4,Steel Knight Slayer 4,Tueur de Steelknight IV
ACHIEVEMENT_KILL_STEELKNIGHT_LVL5,Steel Knight Hunter,Full Metal Knight
ACHIEVEMENT_KILL_ZOMBIGER_LVL1,Zombiger Slayer 1,Tueur de Zombiger I
ACHIEVEMENT_KILL_ZOMBIGER_LVL2,Zombiger Slayer 2,Tueur de Zombiger II
ACHIEVEMENT_KILL_ZOMBIGER_LVL3,Zombiger Slayer 3,Tueur de Zombiger III
ACHIEVEMENT_KILL_ZOMBIGER_LVL4,Zombiger Slayer 4,Tueur de Zombiger IV
ACHIEVEMENT_KILL_ZOMBIGER_LVL5,Zombiger Hunter,Tueur de Zombiger I
ACHIEVEMENT_KILL_NUTTYWHEEL_LVL1,Nuttywheel Slayer 1,Tueur de Nuttywheel I
ACHIEVEMENT_KILL_NUTTYWHEEL_LVL2,Nuttywheel Slayer 2,Tueur de Nuttywheel II
ACHIEVEMENT_KILL_NUTTYWHEEL_LVL3,Nuttywheel Slayer 3,Tueur de Nuttywheel III
ACHIEVEMENT_KILL_NUTTYWHEEL_LVL4,Nuttywheel Slayer 4,Tueur de Nuttywheel IV
ACHIEVEMENT_KILL_NUTTYWHEEL_LVL5,Nuttywheel Hunter,Inarrêtable
ACHIEVEMENT_KILL_NUCTUVEHICLE_LVL1,Nuctuvehicle Slayer 1,Tueur de Nuctuhicle I
ACHIEVEMENT_KILL_NUCTUVEHICLE_LVL2,Nuctuvehicle Slayer 2,Tueur de Nuctuhicle II
ACHIEVEMENT_KILL_NUCTUVEHICLE_LVL3,Nuctuvehicle Slayer 3,Tueur de Nuctuhicle III
ACHIEVEMENT_KILL_NUCTUVEHICLE_LVL4,Nuctuvehicle Slayer 4,Tueur de Nuctuhicle IV
ACHIEVEMENT_KILL_NUCTUVEHICLE_LVL5,Nuctuvehicle Hunter,Cauchemar à roulettes
ACHIEVEMENT_KILL_DRILLER_LVL1,Driller Slayer 1,Tueur de Driller I
ACHIEVEMENT_KILL_DRILLER_LVL2,Driller Slayer 2,Tueur de Driller II
ACHIEVEMENT_KILL_DRILLER_LVL3,Driller Slayer 3,Tueur de Driller III
ACHIEVEMENT_KILL_DRILLER_LVL4,Driller Slayer 4,Tueur de Driller IV
ACHIEVEMENT_KILL_DRILLER_LVL5,Driller Hunter,Bricoleur
ACHIEVEMENT_KILL_RISEM_LVL1,Risem Slayer 1,Tueur de Risem I
ACHIEVEMENT_KILL_RISEM_LVL2,Risem Slayer 2,Tueur de Risem II
ACHIEVEMENT_KILL_RISEM_LVL3,Risem Slayer 3,Tueur de Risem III
ACHIEVEMENT_KILL_RISEM_LVL4,Risem Slayer 4,Tueur de Risem IV
ACHIEVEMENT_KILL_RISEM_LVL5,Risem Hunter,Mythique
ACHIEVEMENT_KILL_GRRR_LVL1,Grrr Slayer 1,Tueur de Grrr I
ACHIEVEMENT_KILL_GRRR_LVL2,Grrr Slayer 2,Tueur de Grrr II
ACHIEVEMENT_KILL_GRRR_LVL3,Grrr Slayer 3,Tueur de Grrr III
ACHIEVEMENT_KILL_GRRR_LVL4,Grrr Slayer 4,Tueur de Grrr IV
ACHIEVEMENT_KILL_GRRR_LVL5,Grrr Hunter,Troll
ACHIEVEMENT_KILL_VOLT_LVL1,Volt Slayer 1,Tueur de Volt I
ACHIEVEMENT_KILL_VOLT_LVL2,Volt Slayer 2,Tueur de Volt II
ACHIEVEMENT_KILL_VOLT_LVL3,Volt Slayer 3,Tueur de Volt III
ACHIEVEMENT_KILL_VOLT_LVL4,Volt Slayer 4,Tueur de Volt IV
ACHIEVEMENT_KILL_VOLT_LVL5,Volt Hunter,Surchargé
ACHIEVEMENT_KILL_ELDERGUARD_LVL1,Elderguard Slayer 1,Tueur d'Eldergard I
ACHIEVEMENT_KILL_ELDERGUARD_LVL2,Elderguard Slayer 2,Tueur d'Eldergard II
ACHIEVEMENT_KILL_ELDERGUARD_LVL3,Elderguard Slayer 3,Tueur d'Eldergard III
ACHIEVEMENT_KILL_ELDERGUARD_LVL4,Elderguard Slayer 4,Tueur d'Eldergard IV
ACHIEVEMENT_KILL_ELDERGUARD_LVL5,Elderguard Hunter,Gardien
ACHIEVEMENT_KILL_DUMP_LVL1,Dump Slayer 1,Tueur de Dump I
ACHIEVEMENT_KILL_DUMP_LVL2,Dump Slayer 2,Tueur de Dump II
ACHIEVEMENT_KILL_DUMP_LVL3,Dump Slayer 3,Tueur de Dump III
ACHIEVEMENT_KILL_DUMP_LVL4,Dump Slayer 4,Tueur de Dump IV
ACHIEVEMENT_KILL_DUMP_LVL5,Dump Hunter,Roi de l'asphalte
ACHIEVEMENT_KILL_GARBAGEPIDER_LVL1,Garbagespider Slayer 1,Tueur de Garbagespider I
ACHIEVEMENT_KILL_GARBAGEPIDER_LVL2,Garbagespider Slayer 2,Tueur de Garbagespider II
ACHIEVEMENT_KILL_GARBAGEPIDER_LVL3,Garbagespider Slayer 3,Tueur de Garbagespider III
ACHIEVEMENT_KILL_GARBAGEPIDER_LVL4,Garbagespider Slayer 4,Tueur de Garbagespider IV
ACHIEVEMENT_KILL_GARBAGEPIDER_LVL5,Garbagespider Hunter,Vide-poubelles
ACHIEVEMENT_KILL_ZENMA_LVL1,Zenma Slayer 1,Tueur de Zenma I
ACHIEVEMENT_KILL_ZENMA_LVL2,Zenma Slayer 2,Tueur de Zenma II
ACHIEVEMENT_KILL_ZENMA_LVL3,Zenma Slayer 3,Tueur de Zenma III
ACHIEVEMENT_KILL_ZENMA_LVL4,Zenma Slayer 4,Tueur de Zenma IV
ACHIEVEMENT_KILL_ZENMA_LVL5,Zenma Hunter,Punk
ACHIEVEMENT_KILL_CRANEMACHINERY_LVL1,Crane Machinery Slayer 1,Tueur de Cranechinery I
ACHIEVEMENT_KILL_CRANEMACHINERY_LVL2,Crane Machinery Slayer 2,Tueur de Cranechinery II
ACHIEVEMENT_KILL_CRANEMACHINERY_LVL3,Crane Machinery Slayer 3,Tueur de Cranechinery III
ACHIEVEMENT_KILL_CRANEMACHINERY_LVL4,Crane Machinery Slayer 4,Tueur de Cranechinery IV
ACHIEVEMENT_KILL_CRANEMACHINERY_LVL5,Crane Machinery Hunter,Démolisseur
ACHIEVEMENT_KILL_NAUTREPY_LVL1,Nautrepy Slayer 1,Tueur de Nautrepy I
ACHIEVEMENT_KILL_NAUTREPY_LVL2,Nautrepy Slayer 2,Tueur de Nautrepy II
ACHIEVEMENT_KILL_NAUTREPY_LVL3,Nautrepy Slayer 3,Tueur de Nautrepy III
ACHIEVEMENT_KILL_NAUTREPY_LVL4,Nautrepy Slayer 4,Tueur de Nautrepy IV
ACHIEVEMENT_KILL_NAUTREPY_LVL5,Nautrepy Hunter,Téma la taille du rat
ACHIEVEMENT_KILL_SYLIACA_LVL1,Syliaca Slayer 1,Tueur de Syliaca I
ACHIEVEMENT_KILL_SYLIACA_LVL2,Syliaca Slayer 2,Tueur de Syliaca II
ACHIEVEMENT_KILL_SYLIACA_LVL3,Syliaca Slayer 3,Tueur de Syliaca III
ACHIEVEMENT_KILL_SYLIACA_LVL4,Syliaca Slayer 4,Tueur de Syliaca IV
ACHIEVEMENT_KILL_SYLIACA_LVL5,Syliaca Hunter,Poséïdon
ACHIEVEMENT_KILL_GREEMONG_LVL1,Greemong Slayer 1,Tueur de Greemong I
ACHIEVEMENT_KILL_GREEMONG_LVL2,Greemong Slayer 2,Tueur de Greemong II
ACHIEVEMENT_KILL_GREEMONG_LVL3,Greemong Slayer 3,Tueur de Greemong III
ACHIEVEMENT_KILL_GREEMONG_LVL4,Greemong Slayer 4,Tueur de Greemong IV
ACHIEVEMENT_KILL_GREEMONG_LVL5,Greemong Hunter,Répugnant
ACHIEVEMENT_KILL_BOO_LVL1,Boo Slayer 1,Tueur de Boo I
ACHIEVEMENT_KILL_BOO_LVL2,Boo Slayer 2,Tueur de Boo II
ACHIEVEMENT_KILL_BOO_LVL3,Boo Slayer 3,Tueur de Boo III
ACHIEVEMENT_KILL_BOO_LVL4,Boo Slayer 4,Tueur de Boo IV
ACHIEVEMENT_KILL_BOO_LVL5,Boo Hunter,Mandragore
ACHIEVEMENT_KILL_CARRIERBOMB_LVL1,Carrierbomb Slayer 1,Tueur de Caboom I
ACHIEVEMENT_KILL_CARRIERBOMB_LVL2,Carrierbomb Slayer 2,Tueur de Caboom II
ACHIEVEMENT_KILL_CARRIERBOMB_LVL3,Carrierbomb Slayer 3,Tueur de Caboom III
ACHIEVEMENT_KILL_CARRIERBOMB_LVL4,Carrierbomb Slayer 4,Tueur de Caboom IV
ACHIEVEMENT_KILL_CARRIERBOMB_LVL5,Carrierbomb Hunter,Bombe à retardement
ACHIEVEMENT_KILL_LONGWANG_LVL1,Longwing Slayer 1,Tueur de Longwing I
ACHIEVEMENT_KILL_LONGWANG_LVL2,Longwing Slayer 2,Tueur de Longwing II
ACHIEVEMENT_KILL_LONGWANG_LVL3,Longwing Slayer 3,Tueur de Longwing III
ACHIEVEMENT_KILL_LONGWANG_LVL4,Longwing Slayer 4,Tueur de Longwing IV
ACHIEVEMENT_KILL_LONGWANG_LVL5,Longwing Hunter,Diabolique
ACHIEVEMENT_KILL_HOPPRE_LVL1,Hoppre Slayer 1,Tueur d'Hoppre I
ACHIEVEMENT_KILL_HOPPRE_LVL2,Hoppre Slayer 2,Tueur d'Hoppre II
ACHIEVEMENT_KILL_HOPPRE_LVL3,Hoppre Slayer 3,Tueur d'Hoppre III
ACHIEVEMENT_KILL_HOPPRE_LVL4,Hoppre Slayer 4,Tueur d'Hoppre IV
ACHIEVEMENT_KILL_HOPPRE_LVL5,Hoppre Hunter,Suceur de sang
ACHIEVEMENT_KILL_MUSHPOIE_LVL1,Mushpoie Slayer 1,Tueur de Mushpoie I
ACHIEVEMENT_KILL_MUSHPOIE_LVL2,Mushpoie Slayer 2,Tueur de Mushpoie II
ACHIEVEMENT_KILL_MUSHPOIE_LVL3,Mushpoie Slayer 3,Tueur de Mushpoie III
ACHIEVEMENT_KILL_MUSHPOIE_LVL4,Mushpoie Slayer 4,Tueur de Mushpoie IV
ACHIEVEMENT_KILL_MUSHPOIE_LVL5,Mushpoie Hunter,Super végan
ACHIEVEMENT_KILL_IREN_LVL1,Iren Slayer 1,Tueur d'Iren I
ACHIEVEMENT_KILL_IREN_LVL2,Iren Slayer 2,Tueur d'Iren II
ACHIEVEMENT_KILL_IREN_LVL3,Iren Slayer 3,Tueur d'Iren III
ACHIEVEMENT_KILL_IREN_LVL4,Iren Slayer 4,Tueur d'Iren IV
ACHIEVEMENT_KILL_IREN_LVL5,Iren Hunter,Succube
ACHIEVEMENT_KILL_WATANGKA_LVL1,Watangka Slayer 1,Tueur de Watangka I
ACHIEVEMENT_KILL_WATANGKA_LVL2,Watangka Slayer 2,Tueur de Watangka II
ACHIEVEMENT_KILL_WATANGKA_LVL3,Watangka Slayer 3,Tueur de Watangka III
ACHIEVEMENT_KILL_WATANGKA_LVL4,Watangka Slayer 4,Tueur de Watangka IV
ACHIEVEMENT_KILL_WATANGKA_LVL5,Watangka Hunter,Chamane
ACHIEVEMENT_KILL_FAFNIR_LVL1,Fafnir Slayer 1,Tueur de Fafnir I
ACHIEVEMENT_KILL_FAFNIR_LVL2,Fafnir Slayer 2,Tueur de Fafnir II
ACHIEVEMENT_KILL_FAFNIR_LVL3,Fafnir Slayer 3,Tueur de Fafnir III
ACHIEVEMENT_KILL_FAFNIR_LVL4,Fafnir Slayer 4,Tueur de Fafnir IV
ACHIEVEMENT_KILL_FAFNIR_LVL5,Fafnir Hunter,Dragonnet
ACHIEVEMENT_KILL_ANTIQUERY_LVL1,Antiquery Slayer 1,Tueur de Tréant I
ACHIEVEMENT_KILL_ANTIQUERY_LVL2,Antiquery Slayer 2,Tueur de Tréant II
ACHIEVEMENT_KILL_ANTIQUERY_LVL3,Antiquery Slayer 3,Tueur de Tréant III
ACHIEVEMENT_KILL_ANTIQUERY_LVL4,Antiquery Slayer 4,Tueur de Tréant IV
ACHIEVEMENT_KILL_ANTIQUERY_LVL5,Antiquery Hunter,Ancien
ACHIEVEMENT_KILL_LUIA_LVL1,Luia Slayer 1,Tueur de Luia I
ACHIEVEMENT_KILL_LUIA_LVL2,Luia Slayer 2,Tueur de Luia II
ACHIEVEMENT_KILL_LUIA_LVL3,Luia Slayer 3,Tueur de Luia III
ACHIEVEMENT_KILL_LUIA_LVL4,Luia Slayer 4,Tueur de Luia IV
ACHIEVEMENT_KILL_LUIA_LVL5,Luia Hunter,Phénix
ACHIEVEMENT_KILL_GONGURY_LVL1,Gongury Slayer 1,Tueur de Gongury I
ACHIEVEMENT_KILL_GONGURY_LVL2,Gongury Slayer 2,Tueur de Gongury II
ACHIEVEMENT_KILL_GONGURY_LVL3,Gongury Slayer 3,Tueur de Gongury III
ACHIEVEMENT_KILL_GONGURY_LVL4,Gongury Slayer 4,Tueur de Gongury IV
ACHIEVEMENT_KILL_GONGURY_LVL5,Gongury Hunter,Full Metal
ACHIEVEMENT_KILL_SHUHAMMA_LVL1,Shuhamma Slayer 1,Tueur de Shuhamma I
ACHIEVEMENT_KILL_SHUHAMMA_LVL2,Shuhamma Slayer 2,Tueur de Shuhamma II
ACHIEVEMENT_KILL_SHUHAMMA_LVL3,Shuhamma Slayer 3,Tueur de Shuhamma III
ACHIEVEMENT_KILL_SHUHAMMA_LVL4,Shuhamma Slayer 4,Tueur de Shuhamma IV
ACHIEVEMENT_KILL_SHUHAMMA_LVL5,Shuhamma Hunter,Terraformeur
ACHIEVEMENT_KILL_KERN_LVL1,Kern Slayer 1,Tueur de Kern I
ACHIEVEMENT_KILL_KERN_LVL2,Kern Slayer 2,Tueur de Kern II
ACHIEVEMENT_KILL_KERN_LVL3,Kern Slayer 3,Tueur de Kern III
ACHIEVEMENT_KILL_KERN_LVL4,Kern Slayer 4,Tueur de Kern IV
ACHIEVEMENT_KILL_KERN_LVL5,Kern Hunter,Héphaïstos
ACHIEVEMENT_KILL_GORRUDA_LVL1,Gorruda Slayer 1,Tueur de Gorruda I
ACHIEVEMENT_KILL_GORRUDA_LVL2,Gorruda Slayer 2,Tueur de Gorruda II
ACHIEVEMENT_KILL_GORRUDA_LVL3,Gorruda Slayer 3,Tueur de Gorruda III
ACHIEVEMENT_KILL_GORRUDA_LVL4,Gorruda Slayer 4,Tueur de Gorruda IV
ACHIEVEMENT_KILL_GORRUDA_LVL5,Gorruda Hunter,Wyvern
ACHIEVEMENT_KILL_GLAPHAN_LVL1,Glaphan Slayer 1,Tueur de Glaphan I
ACHIEVEMENT_KILL_GLAPHAN_LVL2,Glaphan Slayer 2,Tueur de Glaphan II
ACHIEVEMENT_KILL_GLAPHAN_LVL3,Glaphan Slayer 3,Tueur de Glaphan III
ACHIEVEMENT_KILL_GLAPHAN_LVL4,Glaphan Slayer 4,Tueur de Glaphan IV
ACHIEVEMENT_KILL_GLAPHAN_LVL5,Glaphan Hunter,Exorciste
ACHIEVEMENT_KILL_KIMERADON_LVL1,Chimeradon Slayer 1,Tueur de Kimeradon I
ACHIEVEMENT_KILL_KIMERADON_LVL2,Chimeradon Slayer 2,Tueur de Kimeradon II
ACHIEVEMENT_KILL_KIMERADON_LVL3,Chimeradon Slayer 3,Tueur de Kimeradon III
ACHIEVEMENT_KILL_KIMERADON_LVL4,Chimeradon Slayer 4,Tueur de Kimeradon IV
ACHIEVEMENT_KILL_KIMERADON_LVL5,Chimeradon Hunter,Roi chimère
ACHIEVEMENT_KILL_BEARNUCKY_LVL1,Bearnerky Slayer 1,Tueur de Bearnerky I
ACHIEVEMENT_KILL_BEARNUCKY_LVL2,Bearnerky Slayer 2,Tueur de Bearnerky II
ACHIEVEMENT_KILL_BEARNUCKY_LVL3,Bearnerky Slayer 3,Tueur de Bearnerky III
ACHIEVEMENT_KILL_BEARNUCKY_LVL4,Bearnerky Slayer 4,Tueur de Bearnerky IV
ACHIEVEMENT_KILL_BEARNUCKY_LVL5,Bearnerky Hunter,Câlin
ACHIEVEMENT_KILL_MUFFRIN_LVL1,Muffrin Slayer 1,Tueur de Muffrin I
ACHIEVEMENT_KILL_MUFFRIN_LVL2,Muffrin Slayer 2,Tueur de Muffrin II
ACHIEVEMENT_KILL_MUFFRIN_LVL3,Muffrin Slayer 3,Tueur de Muffrin III
ACHIEVEMENT_KILL_MUFFRIN_LVL4,Muffrin Slayer 4,Tueur de Muffrin IV
ACHIEVEMENT_KILL_MUFFRIN_LVL5,Muffrin Hunter,Souperman
ACHIEVEMENT_KILL_POPCRANK_LVL1,Popcrank Slayer 1,Tueur de Joker I
ACHIEVEMENT_KILL_POPCRANK_LVL2,Popcrank Slayer 2,Tueur de Joker II
ACHIEVEMENT_KILL_POPCRANK_LVL3,Popcrank Slayer 3,Tueur de Joker III
ACHIEVEMENT_KILL_POPCRANK_LVL4,Popcrank Slayer 4,Tueur de Joker IV
ACHIEVEMENT_KILL_POPCRANK_LVL5,Popcrank Hunter,Cauchemar
ACHIEVEMENT_KILL_CLOCKWORKS_LVL1,Clockworks Hunter 1,Tueur de Clockworks I
ACHIEVEMENT_KILL_CLOCKWORKS_LVL2,Clockworks Hunter 2,Tueur de Clockworks II
ACHIEVEMENT_KILL_CLOCKWORKS_LVL3,Clockworks Hunter 3,Tueur de Clockworks III
ACHIEVEMENT_KILL_CLOCKWORKS_LVL4,Clockworks Hunter 4,Tueur de Clockworks IV
ACHIEVEMENT_KILL_CLOCKWORKS_LVL5,Clockworks Killer,Maître du temps
ACHIEVEMENT_KILL_METEONYKER_LVL1,Meteonyker Hunter 1,Tueur de Meteonyker I
ACHIEVEMENT_KILL_METEONYKER_LVL2,Meteonyker Hunter 2,Tueur de Meteonyker II
ACHIEVEMENT_KILL_METEONYKER_LVL3,Meteonyker Hunter 3,Tueur de Meteonyker III
ACHIEVEMENT_KILL_METEONYKER_LVL4,Meteonyker Hunter 4,Tueur de Meteonyker IV
ACHIEVEMENT_KILL_METEONYKER_LVL5,Meteonyker Killer,Chasseur de dragons
ACHIEVEMENT_KILL_MEDUMET_LVL1,Medumet Slayer 1,Tueur de Medumet I
ACHIEVEMENT_KILL_MEDUMET_LVL2,Medumet Slayer 2,Tueur de Medumet II
ACHIEVEMENT_KILL_MEDUMET_LVL3,Medumet Slayer 3,Tueur de Medumet III
ACHIEVEMENT_KILL_MEDUMET_LVL4,Medumet Slayer 4,Tueur de Medumet IV
ACHIEVEMENT_KILL_MEDUMET_LVL5,Medumet Hunter,Bot
ACHIEVEMENT_KILL_YETTI_LVL1,Yetti Slayer 1,Tueur de Yéti I
ACHIEVEMENT_KILL_YETTI_LVL2,Yetti Slayer 2,Tueur de Yéti II
ACHIEVEMENT_KILL_YETTI_LVL3,Yetti Slayer 3,Tueur de Yéti III
ACHIEVEMENT_KILL_YETTI_LVL4,Yetti Slayer 4,Tueur de Yéti IV
ACHIEVEMENT_KILL_YETTI_LVL5,Yetti Hunter,Bigfoot
ACHIEVEMENT_KILL_AUGU_LVL1,Augu Slayer 1,Tueur d'Augu I
ACHIEVEMENT_KILL_AUGU_LVL2,Augu Slayer 2,Tueur d'Augu II
ACHIEVEMENT_KILL_AUGU_LVL3,Augu Slayer 3,Tueur d'Augu III
ACHIEVEMENT_KILL_AUGU_LVL4,Augu Slayer 4,Tueur d'Augu IV
ACHIEVEMENT_KILL_AUGU_LVL5,Augu Hunter,Chef de Sushi
ACHIEVEMENT_KILL_GHOSTKING_LVL1,Ghost King Slayer 1,Tueur de Roi Fantôme I
ACHIEVEMENT_KILL_GHOSTKING_LVL2,Ghost King Slayer 2,Tueur de Roi Fantôme II
ACHIEVEMENT_KILL_GHOSTKING_LVL3,Ghost King Slayer 3,Tueur de Roi Fantôme III
ACHIEVEMENT_KILL_GHOSTKING_LVL4,Ghost King Slayer 4,Tueur de Roi Fantôme IV
ACHIEVEMENT_KILL_GHOSTKING_LVL5,Ghost King Hunter,Faucheuse
ACHIEVEMENT_KILL_MAMMOTH_LVL1,Mammoth Slayer 1,Tueur de Mammouth I
ACHIEVEMENT_KILL_MAMMOTH_LVL2,Mammoth Slayer 2,Tueur de Mammouth II
ACHIEVEMENT_KILL_MAMMOTH_LVL3,Mammoth Slayer 3,Tueur de Mammouth III
ACHIEVEMENT_KILL_MAMMOTH_LVL4,Mammoth Slayer 4,Tueur de Mammouth IV
ACHIEVEMENT_KILL_MAMMOTH_LVL5,Mammoth Hunter,Furie préhistorique
ACHIEVEMENT_KILL_ATROX_LVL1,Atrox Slayer 1,Tueur d'Artrox I
ACHIEVEMENT_KILL_ATROX_LVL2,Atrox Slayer 2,Tueur d'Artrox II
ACHIEVEMENT_KILL_ATROX_LVL3,Atrox Slayer 3,Tueur d'Artrox III
ACHIEVEMENT_KILL_ATROX_LVL4,Atrox Slayer 4,Tueur d'Artrox IV
ACHIEVEMENT_KILL_ATROX_LVL5,Atrox Hunter,Insecticide
ACHIEVEMENT_KILL_TIGAR_LVL1,Tigar Slayer 1,Tueur de Taiga I
ACHIEVEMENT_KILL_TIGAR_LVL2,Tigar Slayer 2,Tueur de Taiga II
ACHIEVEMENT_KILL_TIGAR_LVL3,Tigar Slayer 3,Tueur de Taiga III
ACHIEVEMENT_KILL_TIGAR_LVL4,Tigar Slayer 4,Tueur de Taiga IV
ACHIEVEMENT_KILL_TIGAR_LVL5,Tigar Hunter,Minou Minou
ACHIEVEMENT_KILL_MERAL_LVL1,Meral Slayer 1,Tueur de Merel I
ACHIEVEMENT_KILL_MERAL_LVL2,Meral Slayer 2,Tueur de Merel II
ACHIEVEMENT_KILL_MERAL_LVL3,Meral Slayer 3,Tueur de Merel III
ACHIEVEMENT_KILL_MERAL_LVL4,Meral Slayer 4,Tueur de Merel IV
ACHIEVEMENT_KILL_MERAL_LVL5,Meral Hunter,Chasseur Merel
ACHIEVEMENT_KILL_KINGSTER_LVL1,Kingster Slayer 1,Tueur de Langoustroy I
ACHIEVEMENT_KILL_KINGSTER_LVL2,Kingster Slayer 2,Tueur de Langoustroy II
ACHIEVEMENT_KILL_KINGSTER_LVL3,Kingster Slayer 3,Tueur de Langoustroy III
ACHIEVEMENT_KILL_KINGSTER_LVL4,Kingster Slayer 4,Tueur de Langoustroy IV
ACHIEVEMENT_KILL_KINGSTER_LVL5,Kingster Hunter,Chasseur Langoustroy
ACHIEVEMENT_KILL_CREPER_LVL1,Creper Slayer 1,Tueur de Pincedure I
ACHIEVEMENT_KILL_CREPER_LVL2,Creper Slayer 2,Tueur de Pincedure II
ACHIEVEMENT_KILL_CREPER_LVL3,Creper Slayer 3,Tueur de Pincedure III
ACHIEVEMENT_KILL_CREPER_LVL4,Creper Slayer 4,Tueur de Pincedure IV
ACHIEVEMENT_KILL_CREPER_LVL5,Creper Hunter,Chasseur Pincedure
ACHIEVEMENT_KILL_NAGA_LVL1,Naga Slayer 1,Tueur de Nagaro I
ACHIEVEMENT_KILL_NAGA_LVL2,Naga Slayer 2,Tueur de Nagaro II
ACHIEVEMENT_KILL_NAGA_LVL3,Naga Slayer 3,Tueur de Nagaro III
ACHIEVEMENT_KILL_NAGA_LVL4,Naga Slayer 4,Tueur de Nagaro IV
ACHIEVEMENT_KILL_NAGA_LVL5,Naga Hunter,Brouet de Nagaro
ACHIEVEMENT_KILL_DORIAN_LVL1,Dorian Slayer 1,Tueur de Dorian I
ACHIEVEMENT_KILL_DORIAN_LVL2,Dorian Slayer 2,Tueur de Dorian II
ACHIEVEMENT_KILL_DORIAN_LVL3,Dorian Slayer 3,Tueur de Dorian III
ACHIEVEMENT_KILL_DORIAN_LVL4,Dorian Slayer 4,Tueur de Dorian IV
ACHIEVEMENT_KILL_DORIAN_LVL5,Dorian Hunter,Chasseur Dorian
ACHIEVEMENT_KILL_OKEAN_LVL1,Okean Slayer 1,Tueur d'Okéan I
ACHIEVEMENT_KILL_OKEAN_LVL2,Okean Slayer 2,Tueur d'Okéan II
ACHIEVEMENT_KILL_OKEAN_LVL3,Okean Slayer 3,Tueur d'Okéan III
ACHIEVEMENT_KILL_OKEAN_LVL4,Okean Slayer 4,Tueur d'Okéan IV
ACHIEVEMENT_KILL_OKEAN_LVL5,Okean Hunter,Chasseur Okéan
ACHIEVEMENT_KILL_KRAKEN_LVL1,Kraken Slayer 1,Tueur de Craken I
ACHIEVEMENT_KILL_KRAKEN_LVL2,Kraken Slayer 2,Tueur de Craken II
ACHIEVEMENT_KILL_KRAKEN_LVL3,Kraken Slayer 3,Tueur de Craken III
ACHIEVEMENT_KILL_KRAKEN_LVL4,Kraken Slayer 4,Tueur de Craken IV
ACHIEVEMENT_KILL_KRAKEN_LVL5,Kraken Hunter,Chasseur de Craken
ACHIEVEMENT_KILL_DREADFIN_LVL1,Dreadfin Slayer 1,Tueur de Dreadfin 1
ACHIEVEMENT_KILL_DREADFIN_LVL2,Dreadfin Slayer 2,Tueur de Dreadfin 2
ACHIEVEMENT_KILL_DREADFIN_LVL3,Dreadfin Slayer 3,Tueur de Dreadfin 3
ACHIEVEMENT_KILL_DREADFIN_LVL4,Dreadfin Slayer 4,Tueur de Dreadfin 4
ACHIEVEMENT_KILL_DREADFIN_LVL5,Dreadfin Hunter,Encas de la mer
ACHIEVEMENT_KILL_DREADSCALE_LVL1,Dreadscale Slayer 1,Tueur de Dreadscale 1
ACHIEVEMENT_KILL_DREADSCALE_LVL2,Dreadscale Slayer 2,Tueur de Dreadscale 2
ACHIEVEMENT_KILL_DREADSCALE_LVL3,Dreadscale Slayer 3,Tueur de Dreadscale 3
ACHIEVEMENT_KILL_DREADSCALE_LVL4,Dreadscale Slayer 4,Tueur de Dreadscale 4
ACHIEVEMENT_KILL_DREADSCALE_LVL5,Dreadscale Hunter,Sluuurp
ACHIEVEMENT_KILL_LUMINFIN_LVL1,Luminfin Slayer 1,Tueur de Luminfin 1
ACHIEVEMENT_KILL_LUMINFIN_LVL2,Luminfin Slayer 2,Tueur de Luminfin 2
ACHIEVEMENT_KILL_LUMINFIN_LVL3,Luminfin Slayer 3,Tueur de Luminfin 3
ACHIEVEMENT_KILL_LUMINFIN_LVL4,Luminfin Slayer 4,Tueur de Luminfin 4
ACHIEVEMENT_KILL_LUMINFIN_LVL5,Luminfin Hunter,Lumos
ACHIEVEMENT_KILL_PUPPETWOLF_LVL1,Hundur Sharpfoot Slayer 1,Tueur de Lawolf des Plaines 1
ACHIEVEMENT_KILL_PUPPETWOLF_LVL2,Hundur Sharpfoot Slayer 2,Tueur de Lawolf des Plaines 2
ACHIEVEMENT_KILL_PUPPETWOLF_LVL3,Hundur Sharpfoot Slayer 3,Tueur de Lawolf des Plaines 3
ACHIEVEMENT_KILL_PUPPETWOLF_LVL4,Hundur Sharpfoot Slayer 4,Tueur de Lawolf des Plaines 4
ACHIEVEMENT_KILL_PUPPETWOLF_LVL5,Hundur Sharpfoot Hunter,Tueur aux lames acérées
ACHIEVEMENT_KILL_RYSENTRY_LVL1,Samoset Slayer 1,Tueur de Sentinelle Lycan 1
ACHIEVEMENT_KILL_RYSENTRY_LVL2,Samoset Slayer 2,Tueur de Sentinelle Lycan 2
ACHIEVEMENT_KILL_RYSENTRY_LVL3,Samoset Slayer 3,Tueur de Sentinelle Lycan 3
ACHIEVEMENT_KILL_RYSENTRY_LVL4,Samoset Slayer 4,Tueur de Sentinelle Lycan 4
ACHIEVEMENT_KILL_RYSENTRY_LVL5,Samoset Hunter,Marcheur d’écho
ACHIEVEMENT_KILL_RYGUARD_LVL1,Kyouchish Slayer 1,Tueur de Garde Lycan 1
ACHIEVEMENT_KILL_RYGUARD_LVL2,Kyouchish Slayer 2,Tueur de Garde Lycan 2
ACHIEVEMENT_KILL_RYGUARD_LVL3,Kyouchish Slayer 3,Tueur de Garde Lycan 3
ACHIEVEMENT_KILL_RYGUARD_LVL4,Kyouchish Slayer 4,Tueur de Garde Lycan 4
ACHIEVEMENT_KILL_RYGUARD_LVL5,Kyouchish Hunter,Marque des ténèbres 
ACHIEVEMENT_KILL_RYARCHER_LVL1,Kanonicus Slayer 1,Tueur de Archer Lycan 1
ACHIEVEMENT_KILL_RYARCHER_LVL2,Kanonicus Slayer 2,Tueur de Archer Lycan 2
ACHIEVEMENT_KILL_RYARCHER_LVL3,Kanonicus Slayer 3,Tueur de Archer Lycan 3
ACHIEVEMENT_KILL_RYARCHER_LVL4,Kanonicus Slayer 4,Tueur de Archer Lycan 4
ACHIEVEMENT_KILL_RYARCHER_LVL5,Kanonicus Hunter,Exécuteur 
ACHIEVEMENT_KILL_RYMAGI_LVL1,Mage Redcloud Slayer 1,Tueur de Magicien Lycan 1
ACHIEVEMENT_KILL_RYMAGI_LVL2,Mage Redcloud Slayer 2,Tueur de Magicien Lycan 2
ACHIEVEMENT_KILL_RYMAGI_LVL3,Mage Redcloud Slayer 3,Tueur de Magicien Lycan 3
ACHIEVEMENT_KILL_RYMAGI_LVL4,Mage Redcloud Slayer 4,Tueur de Magicien Lycan 4
ACHIEVEMENT_KILL_RYMAGI_LVL5,Mage Redcloud Hunter,Éclat de sang
ACHIEVEMENT_KILL_RYWARRIOR_LVL1,Taiaha Slayer 1,Tueur de Guerrier Lycan 1
ACHIEVEMENT_KILL_RYWARRIOR_LVL2,Taiaha Slayer 2,Tueur de Guerrier Lycan 2
ACHIEVEMENT_KILL_RYWARRIOR_LVL3,Taiaha Slayer 3,Tueur de Guerrier Lycan 3
ACHIEVEMENT_KILL_RYWARRIOR_LVL4,Taiaha Slayer 4,Tueur de Guerrier Lycan 4
ACHIEVEMENT_KILL_RYWARRIOR_LVL5,Taiaha Hunter,Chant de guerre
ACHIEVEMENT_KILL_SKELWOLF_LVL1,Hellhound Slayer 1,Tueur de Lawolf de l'Enfer 1
ACHIEVEMENT_KILL_SKELWOLF_LVL2,Hellhound Slayer 2,Tueur de Lawolf de l'Enfer 2
ACHIEVEMENT_KILL_SKELWOLF_LVL3,Hellhound Slayer 3,Tueur de Lawolf de l'Enfer 3
ACHIEVEMENT_KILL_SKELWOLF_LVL4,Hellhound Slayer 4,Tueur de Lawolf de l'Enfer 4
ACHIEVEMENT_KILL_SKELWOLF_LVL5,Hellhound Hunter,Issu des ténèbres
ACHIEVEMENT_KILL_RYBARGA_LVL1,Chief Keokuk Slayer 1,Tueur du Sorcier Lycan 1
ACHIEVEMENT_KILL_RYBARGA_LVL2,Chief Keokuk Slayer 2,Tueur du Sorcier Lycan 2
ACHIEVEMENT_KILL_RYBARGA_LVL3,Chief Keokuk Slayer 3,Tueur du Sorcier Lycan 3
ACHIEVEMENT_KILL_RYBARGA_LVL4,Chief Keokuk Slayer 4,Tueur du Sorcier Lycan 4
ACHIEVEMENT_KILL_RYBARGA_LVL5,Chief Keokuk Hunter,Chasseur du Sorcier Lycan 
ACHIEVEMENT_KILL_REDMETEONYKER_LVL1,Red Meteonyker Hunter 1,Tueur de Meteonyker Rouge I
ACHIEVEMENT_KILL_REDMETEONYKER_LVL2,Red Meteonyker Hunter 2,Tueur de Meteonyker Rouge II
ACHIEVEMENT_KILL_REDMETEONYKER_LVL3,Red Meteonyker Hunter 3,Tueur de Meteonyker Rouge III
ACHIEVEMENT_KILL_REDMETEONYKER_LVL4,Red Meteonyker Hunter 4,Tueur de Meteonyker Rouge IV
ACHIEVEMENT_KILL_REDMETEONYKER_LVL5,Red Meteonyker Killer,Dieu Dragon
ACHIEVEMENT_KILL_CAVEMANCHIEF_LVL1,Caveman Chief Hunter 1,Chasseur de Chef Homme des Cavernes I
ACHIEVEMENT_KILL_CAVEMANCHIEF_LVL2,Caveman Chief Hunter 2,Chasseur de Chef Homme des Cavernes II
ACHIEVEMENT_KILL_CAVEMANCHIEF_LVL3,Caveman Chief Hunter 3,Chasseur de Chef Homme des Cavernes III
ACHIEVEMENT_KILL_CAVEMANCHIEF_LVL4,Caveman Chief Hunter 4,Chasseur de Chef Homme des Cavernes IV
ACHIEVEMENT_KILL_CAVEMANCHIEF_LVL5,Caveman Chief Killer,Tueur de Chef Homme des Cavernes
ACHIEVEMENT_KILL_TEMPLEGUARDIAN_LVL1,Temple Guardian Hunter 1,Chasseur de Gardien du Temple I
ACHIEVEMENT_KILL_TEMPLEGUARDIAN_LVL2,Temple Guardian Hunter 2,Chasseur de Gardien du Temple II
ACHIEVEMENT_KILL_TEMPLEGUARDIAN_LVL3,Temple Guardian Hunter 3,Chasseur de Gardien du Temple III
ACHIEVEMENT_KILL_TEMPLEGUARDIAN_LVL4,Temple Guardian Hunter 4,Chasseur de Gardien du Temple IV
ACHIEVEMENT_KILL_TEMPLEGUARDIAN_LVL5,Temple Guardian Killer,Tueur de Gardien du Temple
ACHIEVEMENT_KILL_GREATKRAKEN_LVL1,Great Kraken Hunter 1,Chasseur de Grand Kraken I
ACHIEVEMENT_KILL_GREATKRAKEN_LVL2,Great Kraken Hunter 2,Chasseur de Grand Kraken II
ACHIEVEMENT_KILL_GREATKRAKEN_LVL3,Great Kraken Hunter 3,Chasseur de Grand Kraken III
ACHIEVEMENT_KILL_GREATKRAKEN_LVL4,Great Kraken Hunter 4,Chasseur de Grand Kraken IV
ACHIEVEMENT_KILL_GREATKRAKEN_LVL5,Great Kraken Killer,Tueur de Grand Kraken
ACHIEVEMENT_KILL_PYRAMIDGUARDIAN_LVL1,Pyramid Guardian Hunter 1,Chasseur de Gardien de la Pyramide I
ACHIEVEMENT_KILL_PYRAMIDGUARDIAN_LVL2,Pyramid Guardian Hunter 2,Chasseur de Gardien de la Pyramide II
ACHIEVEMENT_KILL_PYRAMIDGUARDIAN_LVL3,Pyramid Guardian Hunter 3,Chasseur de Gardien de la Pyramide III
ACHIEVEMENT_KILL_PYRAMIDGUARDIAN_LVL4,Pyramid Guardian Hunter 4,Chasseur de Gardien de la Pyramide IV
ACHIEVEMENT_KILL_PYRAMIDGUARDIAN_LVL5,Pyramid Guardian Killer,Tueur de Gardien de la Pyramide
ACHIEVEMENT_KILL_CRYSTALDEVIL_LVL1,Crystal Demon Lord Hunter 1,Chasseur de Seigneur Démon de Cristal I
ACHIEVEMENT_KILL_CRYSTALDEVIL_LVL2,Crystal Demon Lord Hunter 2,Chasseur de Seigneur Démon de Cristal II
ACHIEVEMENT_KILL_CRYSTALDEVIL_LVL3,Crystal Demon Lord Hunter 3,Chasseur de Seigneur Démon de Cristal III
ACHIEVEMENT_KILL_CRYSTALDEVIL_LVL4,Crystal Demon Lord Hunter 4,Chasseur de Seigneur Démon de Cristal IV
ACHIEVEMENT_KILL_CRYSTALDEVIL_LVL5,Crystal Demon Lord Killer,Tueur de Seigneur Démon de Cristal
ACHIEVEMENT_KILL_BEASTKINGKHAN_LVL1,Beast King Khan Hunter 1,Chasseur de Remardda I
ACHIEVEMENT_KILL_BEASTKINGKHAN_LVL2,Beast King Khan Hunter 2,Chasseur de Remardda II
ACHIEVEMENT_KILL_BEASTKINGKHAN_LVL3,Beast King Khan Hunter 3,Chasseur de Remardda III
ACHIEVEMENT_KILL_BEASTKINGKHAN_LVL4,Beast King Khan Hunter 4,Chasseur de Remardda IV
ACHIEVEMENT_KILL_BEASTKINGKHAN_LVL5,Beast King Khan Killer,Tueur de Remardda
ACHIEVEMENT_KILL_SHADEKRITON_LVL1,[Shade Lieutenant] Kriton Hunter 1,[Lieutenant de Shade] Chasseur de Kriton 1
ACHIEVEMENT_KILL_SHADEKRITON_LVL2,[Shade Lieutenant] Kriton Hunter 2,[Lieutenant de Shade] Chasseur de Kriton 2
ACHIEVEMENT_KILL_SHADEKRITON_LVL3,[Shade Lieutenant] Kriton Hunter 3,[Lieutenant de Shade] Chasseur de Kriton 3
ACHIEVEMENT_KILL_SHADEKRITON_LVL4,[Shade Lieutenant] Kriton Hunter 4,[Lieutenant de Shade] Chasseur de Kriton 4
ACHIEVEMENT_KILL_SHADEKRITON_LVL5,[Shade Lieutenant] Kriton Killer,[Lieutenant de Shade] Tueur de Kriton
ACHIEVEMENT_KILL_BEHEMOTH03_LVL1,[God of Death] Demonic Ankou Hunter 1,[Dieu de la Mort] Chasseur Démonique d’Ankou 1
ACHIEVEMENT_KILL_BEHEMOTH03_LVL2,[God of Death] Demonic Ankou Hunter 2,[Dieu de la Mort] Chasseur Démonique d’Ankou 2
ACHIEVEMENT_KILL_BEHEMOTH03_LVL3,[God of Death] Demonic Ankou Hunter 3,[Dieu de la Mort] Chasseur Démonique d’Ankou 3
ACHIEVEMENT_KILL_BEHEMOTH03_LVL4,[God of Death] Demonic Ankou Hunter 4,[Dieu de la Mort] Chasseur Démonique d’Ankou 4
ACHIEVEMENT_KILL_BEHEMOTH03_LVL5,[God of Death] Demonic Ankou Killer,[Dieu de la Mort] Tueur Démonique d’Ankou
ACHIEVEMENT_MONSTER_DESC_COMMON,Defeat these monsters to gain a permanent damage bonus against them.,Tuez ces monstres pour obtenir un bonus de dégâts permanent contre eux.
ACHIEVEMENT_KILL_AIBATT_TITLE,Twinkle Star,Mangeur d'yeux d'Aibatts
ACHIEVEMENT_KILL_MUSHPANG_TITLE,Fun Guy,Pro de la cueillette
ACHIEVEMENT_KILL_BURUDENG_TITLE,Horned,Scarabée
ACHIEVEMENT_KILL_PUKEPUKE_TITLE,Hillbilly,Paysan
ACHIEVEMENT_KILL_PEAKYTURTLE_TITLE,Snapper,Porc-épic
ACHIEVEMENT_KILL_DEMIAN_TITLE,Rebel,Rebelle
ACHIEVEMENT_KILL_DORIDOMA_TITLE,Seahorserider,Chevalier des mers
ACHIEVEMENT_KILL_LAWOLF_TITLE,Alpha,Mâle alpha
ACHIEVEMENT_KILL_FEFERN_TITLE,Botanist,Botaniste
ACHIEVEMENT_KILL_NYANGNYANG_TITLE,Cute,Cosplayer
ACHIEVEMENT_KILL_BANG_TITLE,Banger,Gangster
ACHIEVEMENT_KILL_MOTHBEE_TITLE,Mothbeeter,Papillon
ACHIEVEMENT_KILL_WAGSAAC_TITLE,Sweet,Toxique
ACHIEVEMENT_KILL_FLYBAT_TITLE,Batboy,Cyclope
ACHIEVEMENT_KILL_MIA_TITLE,Shackled,Boulet
ACHIEVEMENT_KILL_MRPUMPKIN_TITLE,Scarecrow,Citrouillard
ACHIEVEMENT_KILL_REDMANTIS_TITLE,Predator,Matriarche
ACHIEVEMENT_KILL_ZENDROS_TITLE,Evil Eye,Démon
ACHIEVEMENT_KILL_JACKTHEHAMMER_TITLE,Jacked,Complètement marteau
ACHIEVEMENT_KILL_GIGGLEBOX_TITLE,Treasure Hunter,Chasseur de trésor
ACHIEVEMENT_KILL_ROCKMUSCLE_TITLE,Rock Solid,Balèze
ACHIEVEMENT_KILL_BUCROW_TITLE,Banished,Tue-l'amour
ACHIEVEMENT_KILL_NEPARUBA_TITLE,Buzzkill,Vampire
ACHIEVEMENT_KILL_HOBO_TITLE,Vagabond,Clochard
ACHIEVEMENT_KILL_DUMBBULL_TITLE,Matador,Roi du rodéo
ACHIEVEMENT_KILL_TOTEMIA_TITLE,Totem,Vaudou
ACHIEVEMENT_KILL_CARDPUPPET_TITLE,Marionette,Marionnettiste
ACHIEVEMENT_KILL_FLBYRIGEN_TITLE,Angler,Mutant
ACHIEVEMENT_KILL_TOMBSTONEBEARER_TITLE,Undertaker,Croquemort
ACHIEVEMENT_KILL_SCOPICON_TITLE,Toxic,Espèce invasive
ACHIEVEMENT_KILL_BASQUE_TITLE,Gunner,Sniper
ACHIEVEMENT_KILL_PRANKSTER_TITLE,Prankster,Archimage
ACHIEVEMENT_KILL_ROCKEPELLER_TITLE,Sky Patrol,Inventeur fou
ACHIEVEMENT_KILL_WHEELEM_TITLE,Speedy,Monocycliste
ACHIEVEMENT_KILL_LEYENA_TITLE,Ravenous,Prédateur
ACHIEVEMENT_KILL_TRANGFOMA_TITLE,Charged,Sous tension
ACHIEVEMENT_KILL_STEAMWALKER_TITLE,Steampunk,Steampunk
ACHIEVEMENT_KILL_STEELKNIGHT_TITLE,Metalhead,Full Metal Knight
ACHIEVEMENT_KILL_ZOMBIGER_TITLE,Golddigger,Alchimiste
ACHIEVEMENT_KILL_NUTTYWHEEL_TITLE,Steamroller,Inarrêtable
ACHIEVEMENT_KILL_NUCTUVEHICLE_TITLE,Radioactive,Radioactif
ACHIEVEMENT_KILL_DRILLER_TITLE,Screwed,Bricoleur
ACHIEVEMENT_KILL_RISEM_TITLE,Elemental,Mythique
ACHIEVEMENT_KILL_GRRR_TITLE,Troll,Troll
ACHIEVEMENT_KILL_VOLT_TITLE,Zapped,Surchargé
ACHIEVEMENT_KILL_ELDERGUARD_TITLE,Guardian,Gardien
ACHIEVEMENT_KILL_DUMP_TITLE,Tired,Roi de l'asphalte
ACHIEVEMENT_KILL_GARBAGEPIDER_TITLE,Scrapper,Vide-poubelles
ACHIEVEMENT_KILL_ZENMA_TITLE,Punk,Punk
ACHIEVEMENT_KILL_CRANEMACHINERY_TITLE,Demolisher,Démolisseur
ACHIEVEMENT_KILL_NAUTREPY_TITLE,Ace,Téma la taille du rat
ACHIEVEMENT_KILL_SYLIACA_TITLE,Fisherman,Poséïdon
ACHIEVEMENT_KILL_GREEMONG_TITLE,Disgusted,Répugnant
ACHIEVEMENT_KILL_BOO_TITLE,Boo,Boo
ACHIEVEMENT_KILL_CARRIERBOMB_TITLE,Defuser,Bombe à retardement
ACHIEVEMENT_KILL_LONGWANG_TITLE,Devilish,Diabolique
ACHIEVEMENT_KILL_HOPPRE_TITLE,Exterminator,Suceur de sang
ACHIEVEMENT_KILL_MUSHPOIE_TITLE,Spore Collector,Super végan
ACHIEVEMENT_KILL_IREN_TITLE,Bloodsucker,Succube
ACHIEVEMENT_KILL_WATANGKA_TITLE,Shaman,Chamane
ACHIEVEMENT_KILL_FAFNIR_TITLE,Eggcelent,Dragonnet
ACHIEVEMENT_KILL_ANTIQUERY_TITLE,Lumberjack,Ancien
ACHIEVEMENT_KILL_LUIA_TITLE,Phoenix,Phénix
ACHIEVEMENT_KILL_GONGURY_TITLE,Full Metal,Full Metal
ACHIEVEMENT_KILL_SHUHAMMA_TITLE,Destroyer,Terraformeur
ACHIEVEMENT_KILL_KERN_TITLE,Rockstar,Héphaïstos
ACHIEVEMENT_KILL_GORRUDA_TITLE,Ancient,Wyvern
ACHIEVEMENT_KILL_GLAPHAN_TITLE,Haunted,Exorciste
ACHIEVEMENT_KILL_KIMERADON_TITLE,Chimera,Roi chimère
ACHIEVEMENT_KILL_BEARNUCKY_TITLE,Cuddly,Câlin
ACHIEVEMENT_KILL_MUFFRIN_TITLE,Souperman,Souperman
ACHIEVEMENT_KILL_POPCRANK_TITLE,Nightmare,Cauchemar
ACHIEVEMENT_KILL_CLOCKWORKS_TITLE,Guardian of Madrigal,Maître du Temps
ACHIEVEMENT_KILL_METEONYKER_TITLE,Dragonslayer,Chasseur de dragons
ACHIEVEMENT_KILL_MEDUMET_TITLE,Bot,Bot
ACHIEVEMENT_KILL_YETTI_TITLE,Bigfoot,Bigfoot
ACHIEVEMENT_KILL_GHOSTKING_TITLE,Reaper,Faucheuse
ACHIEVEMENT_KILL_MAMMOTH_TITLE,Prehistoric,Furie préhistorique
ACHIEVEMENT_KILL_AUGU_TITLE,Sushi Chef,Chef de Sushi
ACHIEVEMENT_KILL_ATROX_TITLE,Antlion,Insecticide
ACHIEVEMENT_KILL_TIGAR_TITLE,Vicious,Démoniaque
ACHIEVEMENT_KILL_MERAL_TITLE,Pirate,Pirate
ACHIEVEMENT_KILL_KINGSTER_TITLE,Boiled,Bouillu
ACHIEVEMENT_KILL_CREPER_TITLE,Crabby,Crabby
ACHIEVEMENT_KILL_NAGA_TITLE,Cold Blooded,Sang Froid
ACHIEVEMENT_KILL_DORIAN_TITLE,Fishy,Poissonneux
ACHIEVEMENT_KILL_OKEAN_TITLE,Waterlogged,Gorgé d'Eau
ACHIEVEMENT_KILL_KRAKEN_TITLE,Sea King,Roi de la Mer
ACHIEVEMENT_KILL_DREADFIN_TITLE,Sea Snack,Encas de la mer
ACHIEVEMENT_KILL_DREADSCALE_TITLE,Slurp,Sluuurp
ACHIEVEMENT_KILL_LUMINFIN_TITLE,Lumos,Lumos
ACHIEVEMENT_KILL_PUPPETWOLF_TITLE,Sharp Slayer,Tueur aux lames acérées
ACHIEVEMENT_KILL_RYSENTRY_TITLE,Echowalker,Marcheur d’écho
ACHIEVEMENT_KILL_RYGUARD_TITLE,Shadowbrand,Marque des ténèbres
ACHIEVEMENT_KILL_RYARCHER_TITLE,Judicator,Exécuteur
ACHIEVEMENT_KILL_RYMAGI_TITLE,Bloodflare,Éclat de sang
ACHIEVEMENT_KILL_RYWARRIOR_TITLE,Warchant,Chant de guerre
ACHIEVEMENT_KILL_SKELWOLF_TITLE,Hellborn,Issu des ténèbres
ACHIEVEMENT_KILL_RYBARGA_TITLE,Keokai,Fléau du Sorcier Lycan
ACHIEVEMENT_KILL_REDMETEONYKER_TITLE,Reduced to Ashes,Dieu Dragon
ACHIEVEMENT_KILL_CAVEMANCHIEF_TITLE,Cave Dweller,Troglodyte
ACHIEVEMENT_KILL_TEMPLEGUARDIAN_TITLE,Electrified,Haute Tension
ACHIEVEMENT_KILL_GREATKRAKEN_TITLE,Drowned,Coulé
ACHIEVEMENT_KILL_PYRAMIDGUARDIAN_TITLE,Risen,Sanctueur
ACHIEVEMENT_KILL_CRYSTALDEVIL_TITLE,Numb,Engourdi
ACHIEVEMENT_KILL_BEASTKINGKHAN_TITLE,Conqueror of the Wilds,Conquérant de Désiréa
ACHIEVEMENT_KILL_SHADEKRITON_TITLE,Shade Hunter,Chasseur d’ombres
ACHIEVEMENT_KILL_BEHEMOTH03_TITLE,God of Death,Dieu de la mort
ACHIEVEMENT_JUMP_NAME,Jump,Apprenti cascadeur
ACHIEVEMENT_JUMP_DESC,Jump a certain number of times.,Sauter un certain nombre de fois.
ACHIEVEMENT_JUMP_TITLE,Jump Master,Cascadeur
ACHIEVEMENT_PLAY_TIME_NAME,Total Play Time,Temps de jeu total
ACHIEVEMENT_PLAY_TIME_DESC,Play for a certain number of hours to earn rewards.,Atteignez un temps de jeu spécifique (en heures) pour obtenir des récompenses.
ACHIEVEMENT_PLAY_TIME_LVL1,Flyff Novice!,Débutant sur Flyff !
ACHIEVEMENT_PLAY_TIME_LVL2,Flyff Fan!,Fan de Flyff !
ACHIEVEMENT_PLAY_TIME_LVL3,Flyff Devotee!,Passionné(e) de FlyFF !
ACHIEVEMENT_PLAY_TIME_LVL4,Flyff Enthusiast!,Enthousiaste de FlyFF !
ACHIEVEMENT_PLAY_TIME_LVL5,Flyff Addict!,Accro à FlyFF !
ACHIEVEMENT_PLAY_TIME_LVL6,Flyff Fanatic!,Amoureux de FlyFF !
ACHIEVEMENT_PLAY_TIME_TITLE,Flyff Fanatic,Fanatique de Flyff
ACHIEVEMENT_LEVEL_NAME,Level,Niveau
ACHIEVEMENT_LEVEL_DESC,Reach a certain level to earn rewards.,Atteignez un niveau précis pour obtenir des récompenses.
ACHIEVEMENT_LEVEL_LVL1,Beginner Level 1,Débutant niveau 1
ACHIEVEMENT_LEVEL_LVL2,Beginner Level 2,Débutant niveau 2
ACHIEVEMENT_LEVEL_LVL3,Beginner Level 3,Débutant niveau 3
ACHIEVEMENT_LEVEL_LVL4,Adept Level 1,Adepte niveau 1 
ACHIEVEMENT_LEVEL_LVL5,Adept Level 2,Adepte niveau 2
ACHIEVEMENT_LEVEL_LVL6,Adept Level 3,Adepte niveau 3
ACHIEVEMENT_LEVEL_LVL7,Expert Level 1,Expert niveau 1
ACHIEVEMENT_LEVEL_LVL8,Expert Level 2,Expert niveau 2
ACHIEVEMENT_LEVEL_LVL9,Expert Level 3,Expert niveau 3
ACHIEVEMENT_LEVEL_LVL10,Professional Level 1,Professionnel Niveau 1
ACHIEVEMENT_LEVEL_LVL11,Professional Level 2,Professionnel Niveau 2
ACHIEVEMENT_LEVEL_LVL12,Professional Level 3,Professionnel Niveau 3
ACHIEVEMENT_USE_GRAYPILL_NAME,Gray Pill,Pilule grise
ACHIEVEMENT_USE_GRAYPILL_DESC,"Eat 30,000 Gray Pills.",Manger 30 000 Pilules Grises.
ACHIEVEMENT_USE_GRAYPILL_TITLE,Placebo,Placebo
ACHIEVEMENT_USE_YELLOWPILL_NAME,Yellow Pill,Pilule jaune
ACHIEVEMENT_USE_YELLOWPILL_DESC,"Eat 30,000 Yellow Pills.",Manger 30 000 Pilules Jaunes.
ACHIEVEMENT_USE_YELLOWPILL_TITLE,Hypervitaminosis,Hypervitaminé
ACHIEVEMENT_USE_BLUEPILL_NAME,Blue Pill,Pilule bleue
ACHIEVEMENT_USE_BLUEPILL_DESC,"Eat 30,000 Blue Pills.",Manger 30 000 Pilules Bleues.
ACHIEVEMENT_USE_BLUEPILL_TITLE,Sleeper,Dormeur
ACHIEVEMENT_USE_REDPILL_NAME,Red Pill,Pilule rouge
ACHIEVEMENT_USE_REDPILL_DESC,"Eat 30,000 Red Pills.",Manger 30 000 Pilules Rouges.
ACHIEVEMENT_USE_REDPILL_TITLE,Bloody,Sanglant
ACHIEVEMENT_USE_GOLDPILL_NAME,Gold Pill,Pilule magique
ACHIEVEMENT_USE_GOLDPILL_DESC,"Eat 30,000 Gold Pills.",Manger 30 000 Pilules Magiques.
ACHIEVEMENT_USE_GOLDPILL_TITLE,Glimmering,Scintillant
ACHIEVEMENT_USE_LOLLIPOP_NAME,Lollipop,Sucette
ACHIEVEMENT_USE_LOLLIPOP_DESC,"Eat 200,000 Lollipops.",Manger 200 000 Sucettes.
ACHIEVEMENT_USE_LOLLIPOP_TITLE,Sweet Tooth,Gourmand
ACHIEVEMENT_USE_CHOCOLATE_NAME,Chocolate Bar,Barre chocolatée
ACHIEVEMENT_USE_CHOCOLATE_DESC,"Eat 200,000 Chocolate Bars.",Manger 200 000 Barres Chocolatées.
ACHIEVEMENT_USE_CHOCOLATE_TITLE,Chocoholic,Chocolique
ACHIEVEMENT_USE_MILK_NAME,Milk,Brique de lait
ACHIEVEMENT_USE_MILK_DESC,"Drink 200,000 Cartons of Milk.",Boire 200 000 Briques de Lait.
ACHIEVEMENT_USE_MILK_TITLE,Legendairy,Laitgendaire
ACHIEVEMENT_USE_HOTDOG_NAME,Hot Dog,Hot dog
ACHIEVEMENT_USE_HOTDOG_DESC,"Eat 200,000 Hot Dogs.",Manger 200 000 Hot Dogs.
ACHIEVEMENT_USE_HOTDOG_TITLE,Top Dog,Top Dog
ACHIEVEMENT_USE_PIZZA_NAME,Pizza,Pizza
ACHIEVEMENT_USE_PIZZA_DESC,"Eat 200,000 Pizzas.",Manger 200 000 Pizzas.
ACHIEVEMENT_USE_PIZZA_TITLE,Cheesy,Empâté
ACHIEVEMENT_USE_KIMBAP_NAME,Kimbap,Kimbap
ACHIEVEMENT_USE_KIMBAP_DESC,"Eat 200,000 Kimbaps.",Manger 200 000 Kimbaps.
ACHIEVEMENT_USE_KIMBAP_TITLE,High Roller,Gros Rouleur
ACHIEVEMENT_USE_CHICKENSTICK_NAME,Chicken Stick,Cuisse de poulet
ACHIEVEMENT_USE_CHICKENSTICK_DESC,"Eat 200,000 Chicken Sticks.",Manger 200 000 Cuisses de Poulet.
ACHIEVEMENT_USE_CHICKENSTICK_TITLE,Spicy,Épicé
ACHIEVEMENT_USE_STARCANDY_NAME,Star Candy,Sucrerie cosmique
ACHIEVEMENT_USE_STARCANDY_DESC,"Eat 200,000 Star Candies.",Manger 200 000 Sucreries Cosmiques.
ACHIEVEMENT_USE_STARCANDY_TITLE,Starstruck,Ébloui
ACHIEVEMENT_USE_MEATSKEWER_NAME,Meat Skewer,Brochette de viande
ACHIEVEMENT_USE_MEATSKEWER_DESC,"Eat 200,000 Meat Skewers.",Manger 200 000 Brochettes de Viande.
ACHIEVEMENT_USE_MEATSKEWER_TITLE,Carnivore,Carnivore
ACHIEVEMENT_USE_BARBECUE_NAME,Barbecue,Barbecue
ACHIEVEMENT_USE_BARBECUE_DESC,"Eat 200,000 Barbecues.",Manger 200 000 Barbecues.
ACHIEVEMENT_USE_BARBECUE_TITLE,Grillmaster,Dieu du grill
ACHIEVEMENT_USE_SEAFOODPANCAKE_NAME,Seafood Pancake,Fruits de mer
ACHIEVEMENT_USE_SEAFOODPANCAKE_DESC,"Eat 200,000 Seafood Pancakes.",Manger 200 000 Fruits de Mer.
ACHIEVEMENT_USE_SEAFOODPANCAKE_TITLE,Surfer,Surfeur
ACHIEVEMENT_USE_FISHSOUP_NAME,Fish Soup,Soupe de poisson
ACHIEVEMENT_USE_FISHSOUP_DESC,"Eat 200,000 Fish Soups.",Manger 200 000 Soupes de Poisson.
ACHIEVEMENT_USE_FISHSOUP_TITLE,Catfish,Poisson-chat
ACHIEVEMENT_USE_SAUSAGECASSEROLE_NAME,Sausage Casserole,Saucisse mijotée
ACHIEVEMENT_USE_SAUSAGECASSEROLE_DESC,"Eat 200,000 Sausage Casseroles.",Manger 200 000 Saucisses Mijotées.
ACHIEVEMENT_USE_SAUSAGECASSEROLE_TITLE,Sausage Connoisseur,Maestro de la Chipo
ACHIEVEMENT_USE_FISHSTEW_NAME,Fish Stew,Ragoût de poissons
ACHIEVEMENT_USE_FISHSTEW_DESC,"Eat 200,000 Fish Stews.",Manger 200 000 Ragoûts de Poissons.
ACHIEVEMENT_USE_FISHSTEW_TITLE,Stranded,Échoué
ACHIEVEMENT_USE_STEAMEDSEAFOOD_NAME,Steamed Seafood,Fruits de mer à la vapeur
ACHIEVEMENT_USE_STEAMEDSEAFOOD_DESC,"Eat 200,000 Steamed Seafood.",Manger 200 000 Fruits de Mer à la Vapeur.
ACHIEVEMENT_USE_STEAMEDSEAFOOD_TITLE,Steamy,Embué
ACHIEVEMENT_USE_MEATSALAD_NAME,Meat Salad,Salade de viande
ACHIEVEMENT_USE_MEATSALAD_DESC,"Eat 200,000 Meat Salads.",Manger 200 000 Salades de Viande.
ACHIEVEMENT_USE_MEATSALAD_TITLE,Omnivore,Omnivore
ACHIEVEMENT_USE_GRATIN_NAME,Gratin,Gratin
ACHIEVEMENT_USE_GRATIN_DESC,"Eat 200,000 Gratins.",Manger 200 000 Gratins.
ACHIEVEMENT_USE_GRATIN_TITLE,Shattered,Éclaté
ACHIEVEMENT_USE_SEAFOODPIZZA_NAME,Seafood Pizza,Pizza du pêcheur
ACHIEVEMENT_USE_SEAFOODPIZZA_DESC,"Eat 200,000 Seafood Pizzas.",Manger 200 000 Pizzas du Pêcheur.
ACHIEVEMENT_USE_SEAFOODPIZZA_TITLE,Salty,Salé
ACHIEVEMENT_USE_ORANGEJUICE_NAME,Orange Juice,Jus d'orange
ACHIEVEMENT_USE_ORANGEJUICE_DESC,"Drink 200,000 Cups of Orange Juice.",Boire 200 000 Jus d'Orange.
ACHIEVEMENT_USE_ORANGEJUICE_TITLE,Juicy,Juteux
ACHIEVEMENT_USE_STRAWBERRYSHAKE_NAME,Strawberry Shake,Milk shake
ACHIEVEMENT_USE_STRAWBERRYSHAKE_DESC,"Eat 200,000 Strawberry Shakes.",Boire 200 000 Milk Shakes.
ACHIEVEMENT_USE_STRAWBERRYSHAKE_TITLE,Sweetheart,Tout doux
ACHIEVEMENT_USE_PINEAPPLECONE_NAME,Pineapple Cone,Ananas glacé
ACHIEVEMENT_USE_PINEAPPLECONE_DESC,"Eat 200,000 Pineapple Cones.",Manger 200 000 Ananas Glacés.
ACHIEVEMENT_USE_PINEAPPLECONE_TITLE,Fresh,Frais
ACHIEVEMENT_USE_BANANAJUJUBAR_NAME,Banana Jujubar,Banane
ACHIEVEMENT_USE_BANANAJUJUBAR_DESC,"Eat 200,000 Banana Jujubars.",Manger 200 000 Bananes.
ACHIEVEMENT_USE_BANANAJUJUBAR_TITLE,Appealing,Piégeur
ACHIEVEMENT_USE_FRUITJUICE_NAME,Fruit Juice,Jus de fruit
ACHIEVEMENT_USE_FRUITJUICE_DESC,"Drink 200,000 Fruit Juices.",Boire 200 000 Jus de Fruits.
ACHIEVEMENT_USE_FRUITJUICE_TITLE,Fruity,Fruité
ACHIEVEMENT_USE_FRUITICEWATER_NAME,Fruit Icewater,Jus de fruit glacé
ACHIEVEMENT_USE_FRUITICEWATER_DESC,"Eat 200,000 Fruit Icewaters.",Manger 200 000 Fruits Glacés.
ACHIEVEMENT_USE_FRUITICEWATER_TITLE,Cool,Cool
ACHIEVEMENT_USE_FRUITPARFAIT_NAME,Fruit Parfait,Cocktail de fruits
ACHIEVEMENT_USE_FRUITPARFAIT_DESC,"Eat 200,000 Fruit Parfaits.",Boire 200 000 Cocktails de Fruits.
ACHIEVEMENT_USE_FRUITPARFAIT_TITLE,Pure,Pur
ACHIEVEMENT_USE_FRUITSHERBET_NAME,Fruit Sherbet,Sorbets de fruits
ACHIEVEMENT_USE_FRUITSHERBET_DESC,"Eat 200,000 Fruit Sherbets.",Manger 200 000 Sorbets de Fruits.
ACHIEVEMENT_USE_FRUITSHERBET_TITLE,Icy,Glacé
ACHIEVEMENT_USE_ICECREAMCAKE_NAME,Icecream Cake,Gâteaux glacés
ACHIEVEMENT_USE_ICECREAMCAKE_DESC,"Eat 200,000 Icecream Cakes.",Manger 200 000 Gâteaux Glacés.
ACHIEVEMENT_USE_ICECREAMCAKE_TITLE,Chilled,Refroidi
ACHIEVEMENT_USE_BISCUIT_NAME,Biscuit,Biscuit
ACHIEVEMENT_USE_BISCUIT_DESC,"Eat 200,000 Biscuits.",Manger 200 000 Biscuits.
ACHIEVEMENT_USE_BISCUIT_TITLE,Baker,Boulanger
ACHIEVEMENT_USE_CORAL_ISLAND_CURRY_NAME,Coral Island Curry,Curry de l'Île Corail
ACHIEVEMENT_USE_CORAL_ISLAND_CURRY_DESC,"Eat 50,000 Coral Island Curries.","Mangez 50,000 Currys de l'Île Corail."
ACHIEVEMENT_USE_CORAL_ISLAND_CURRY_TITLE,Saucy,Curry-eux
ACHIEVEMENT_USE_FRUIT_PUNCH_NAME,Fruit Punch,Punch de fruits
ACHIEVEMENT_USE_FRUIT_PUNCH_DESC,"Eat 200,000 Fruit Punch.","Manger 200,000 Punch de fruits."
ACHIEVEMENT_USE_FRUIT_PUNCH_TITLE,Punta Cana,Punta Cana
ACHIEVEMENT_USE_TUNASUSHI_NAME,Tuna Sushi,Sushi
ACHIEVEMENT_USE_TUNASUSHI_DESC,"Eat 200,000 Tuna Sushi.","Manger 200,000 Sushi."
ACHIEVEMENT_USE_TUNASUSHI_TITLE,Soy Sauce,Soya-litaire
ACHIEVEMENT_STAT_STRENGTH_NAME,Strength,Force
ACHIEVEMENT_STAT_STRENGTH_DESC,Get 253 BASE STR.,Obtenez 253 FOR de base.
ACHIEVEMENT_STAT_STRENGTH_TITLE,Mighty,Puissant
ACHIEVEMENT_STAT_STAMINA_NAME,Stamina,Endurance
ACHIEVEMENT_STAT_STAMINA_DESC,Get 253 BASE STA.,Obtenez 253 END de base.
ACHIEVEMENT_STAT_STAMINA_TITLE,Immortal,Immortel
ACHIEVEMENT_STAT_DEXTERITY_NAME,Dexterity,Dextérité
ACHIEVEMENT_STAT_DEXTERITY_DESC,Get 253 BASE DEX.,Obtenez 253 DEX de base.
ACHIEVEMENT_STAT_DEXTERITY_TITLE,Nimble,Agile
ACHIEVEMENT_STAT_INTELLIGENCE_NAME,Intelligence,Intelligence
ACHIEVEMENT_STAT_INTELLIGENCE_DESC,Get 253 BASE INT.,Obtenez 253 INT de base.
ACHIEVEMENT_STAT_INTELLIGENCE_TITLE,Sage,Sage
ACHIEVEMENT_DAILY_PLAY_TIME_NAME,Daily Playtime,Temps de jeu journalier
ACHIEVEMENT_DAILY_PLAY_TIME_DESC,"Unlock rewards at 10, 20, 30, and 40 minutes of playtime. Resets daily at midnight.","Jouez 10, 20, 30 et 40 minutes pour obtenir des récompenses. Remis à zéro à minuit."
ACHIEVEMENT_DAILY_PLAY_TIME_LVL1,10 min,10 min
ACHIEVEMENT_DAILY_PLAY_TIME_LVL2,20 min,20 min
ACHIEVEMENT_DAILY_PLAY_TIME_LVL3,30 min,30 min
ACHIEVEMENT_DAILY_PLAY_TIME_LVL4,40 min,40 min
ACHIEVEMENT_CONNECTION_SERIES_NAME,Login Streak,Jours consécutifs
ACHIEVEMENT_CONNECTION_SERIES_DESC,Log in on consecutive days to unlock increasing daily rewards. Missing a day resets the streak. Resets at midnight.,Jouez plusieurs jours d'affilée pour obtenir des récompenses. Remis à zéro à minuit.
ACHIEVEMENT_CONNECTION_SERIES_LVL1,Day 1,Jour 1
ACHIEVEMENT_CONNECTION_SERIES_LVL2,Day 2,Jour 2
ACHIEVEMENT_CONNECTION_SERIES_LVL3,Day 3,Jour 3
ACHIEVEMENT_CONNECTION_SERIES_LVL4,Day 4,Jour 4
ACHIEVEMENT_CONNECTION_SERIES_LVL5,Day 5,Jour 5
ACHIEVEMENT_TOTAL_CONNECTION_NAME,Login Rewards,Connexions totales
ACHIEVEMENT_TOTAL_CONNECTION_DESC,Unlock a reward for each day you log in.,Connectez-vous un certain nombre de fois pour obtenir des récompenses.
ACHIEVEMENT_TOTAL_CONNECTION_LVL1,Day 1,Jour 1
ACHIEVEMENT_TOTAL_CONNECTION_LVL2,Day 2,Jour 2
ACHIEVEMENT_TOTAL_CONNECTION_LVL3,Day 3,Jour 3
ACHIEVEMENT_TOTAL_CONNECTION_LVL4,Day 4,Jour 4
ACHIEVEMENT_TOTAL_CONNECTION_LVL5,Day 5,Jour 5
ACHIEVEMENT_TOTAL_CONNECTION_LVL6,Day 6,Jour 6
ACHIEVEMENT_TOTAL_CONNECTION_LVL7,Day 7,Jour 7
ACHIEVEMENT_TOTAL_CONNECTION_LVL11,Day 8,Jour 8
ACHIEVEMENT_TOTAL_CONNECTION_LVL12,Day 9,Jour 9
ACHIEVEMENT_TOTAL_CONNECTION_LVL13,Day 10,Jour 10
ACHIEVEMENT_TOTAL_CONNECTION_LVL14,Day 11,Jour 11
ACHIEVEMENT_TOTAL_CONNECTION_LVL15,Day 12,Jour 12
ACHIEVEMENT_TOTAL_CONNECTION_LVL16,Day 13,Jour 13
ACHIEVEMENT_TOTAL_CONNECTION_LVL8,Day 14,Jour 14
ACHIEVEMENT_TOTAL_CONNECTION_LVL17,Day 15,Jour 15
ACHIEVEMENT_TOTAL_CONNECTION_LVL18,Day 16,Jour 16
ACHIEVEMENT_TOTAL_CONNECTION_LVL19,Day 17,Jour 17
ACHIEVEMENT_TOTAL_CONNECTION_LVL20,Day 18,Jour 18
ACHIEVEMENT_TOTAL_CONNECTION_LVL21,Day 19,Jour 19
ACHIEVEMENT_TOTAL_CONNECTION_LVL22,Day 20,Jour 20
ACHIEVEMENT_TOTAL_CONNECTION_LVL9,Day 21,Jour 21
ACHIEVEMENT_TOTAL_CONNECTION_LVL23,Day 22,Jour 22
ACHIEVEMENT_TOTAL_CONNECTION_LVL24,Day 23,Jour 23
ACHIEVEMENT_TOTAL_CONNECTION_LVL25,Day 24,Jour 24
ACHIEVEMENT_TOTAL_CONNECTION_LVL26,Day 25,Jour 25
ACHIEVEMENT_TOTAL_CONNECTION_LVL27,Day 26,Jour 26
ACHIEVEMENT_TOTAL_CONNECTION_LVL28,Day 27,Jour 27
ACHIEVEMENT_TOTAL_CONNECTION_LVL29,Day 28,Jour 28
ACHIEVEMENT_TOTAL_CONNECTION_LVL10,Day 30,Jour 30
ACHIEVEMENT_SKILL_RESURRECTION_NAME,Savior,Sauveur
ACHIEVEMENT_SKILL_RESURRECTION_DESC,"Resurrect 1,000 players.",Ressuscitez 1 000 joueurs.
ACHIEVEMENT_ALPHA_TESTER_NAME,Alpha Tester Reward,Récompense d'Alpha-testeur
ACHIEVEMENT_ALPHA_TESTER_DESC,A unique reward for players who participated in the FlyForFun.io Alpha Test in 2019!,Une récompense unique pour les joueurs ayant participé au test Alpha FlyForFun.io en 2019 !
ACHIEVEMENT_ALPHA_TESTER_TITLE,Alpha Tester,Alpha-testeur
ACHIEVEMENT_BETA_TESTER_NAME,Beta Tester Reward,Récompense de Beta-testeur
ACHIEVEMENT_BETA_TESTER_DESC,A unique reward for players who reached level 40 in Flyff Project M!,Une récompense unique pour les joueurs ayant atteint le niveau 40 dans Flyff Project M !
ACHIEVEMENT_BETA_TESTER_TITLE,Beta Tester,Beta-Testeur
ACHIEVEMENT_HATCHING_EGG_NAME,Egg Hatcher,Sérum d'incubation
ACHIEVEMENT_HATCHING_EGG_DESC,Hatch 100 eggs.,Faire éclore 100 œufs.
ACHIEVEMENT_HATCHING_EGG_TITLE,Master Hatcher,Maître des Couvées
ACHIEVEMENT_FLYFFIPEDIA_NAME,Flyffipedia Creator,Créateur de Flyffipedia
ACHIEVEMENT_FLYFFIPEDIA_DESC,A unique reward for the player who created Flyffipedia. Thanks Swaight!,Une récompense unique pour le joueur ayant créé Flyffipedia. Merci Swaight !
ACHIEVEMENT_FLYFFIPEDIA_TITLE,Flyffipedia,Flyffipedia
ACHIEVEMENT_TRANSLATOR_NAME,Translator Reward,Récompense de traducteur
ACHIEVEMENT_TRANSLATOR_DESC,A unique reward for players who help translate the game.,Une récompense unique pour les joueurs ayant aidé à créer les traductions du jeu
ACHIEVEMENT_TRANSLATOR_TITLE,Translator,Traducteur
ACHIEVEMENT_MASTER60_NAME,Master 60 - 70,Master 60 - 70
ACHIEVEMENT_MASTER60_DESC,Complete the first Master Quest.,Finissez la première Quête Master
ACHIEVEMENT_MASTER70_NAME,Master 70 - 80,Master 70 - 80
ACHIEVEMENT_MASTER70_DESC,Complete the second Master Quest.,Finissez la deuxième Quête Master
ACHIEVEMENT_MASTER80_NAME,Master 80 - 90,Master 80 - 90
ACHIEVEMENT_MASTER80_DESC,Complete the third Master Quest.,Finissez la troisième Quête Master
ACHIEVEMENT_MASTER90_NAME,Master 90 - 100,Master 90 - 100
ACHIEVEMENT_MASTER90_DESC,Complete the fourth Master Quest.,Finissez la quatrième Quête Master
ACHIEVEMENT_MASTER100_NAME,Master 100 - 110,Master 100 - 110
ACHIEVEMENT_MASTER100_DESC,Complete the fifth Master Quest.,Finissez la cinquième Quête Master
ACHIEVEMENT_MASTER110_NAME,Master 110 - 120,Master 110 - 120
ACHIEVEMENT_MASTER110_DESC,Complete the final Master Quest.,Finissez la dernière Quête Master
ACHIEVEMENT_MASTER120_NAME,Hero,Hero
ACHIEVEMENT_MASTER120_NAME2,Hero 120 - 125,Hero 120 - 125
ACHIEVEMENT_MASTER120_DESC,Complete the first Hero Quest.,Terminez la Quête du Héros
ACHIEVEMENT_FWCPARTICIPANT_NAME,FWC Participant,Participant FWC
ACHIEVEMENT_FWCPARTICIPANT_DESC,Reach level 16 in the 2023 Flyff World Championship.,Atteignez le niveau 16 au Championnat FlyFF World.
ACHIEVEMENT_FWCHERO_NAME,FWC Contender,Prétendant FWC
ACHIEVEMENT_FWCHERO_DESC,Reach level 120 in the 2023 Flyff World Championship.,Atteignez le niveau 120 au Championnant FlyFF World.
ACHIEVEMENT_FWCPVPSECOND_NAME,FWC Arena 2nd,2ème à l'Arène FWC
ACHIEVEMENT_FWCPVPSECOND_DESC,Get second place in the 2023 Flyff World Championship PvP Competition.,Atteignez la seconde place dans la compétition JcJ du Championnat FlyFF World.
ACHIEVEMENT_FWCPVPTHIRD_NAME,FWC Arena 3rd,3ème à l'Arene FWC
ACHIEVEMENT_FWCPVPTHIRD_DESC,Get third place in the 2023 Flyff World Championship PvP Competition.,Atteignez la troisième place dans la compétition JcJ du Championnat FlyFF World.
ACHIEVEMENT_FWCPVPWINNER_NAME,FWC Arena Champion,Champion de l'Arène FWC
ACHIEVEMENT_FWCPVPWINNER_DESC,Win the 2023 Flyff World Championship PvP Competition.,Remportez la compétition JcJ du Championnat FlyFF World.
ACHIEVEMENT_FWCPVECHAMPION_NAME,FWC Colosseum Champion,Champion du Colisée FWC
ACHIEVEMENT_FWCPVECHAMPION_DESC,Win the 2023 Flyff World Championship PvE Competition.,Remportez la compétion JcE du Championnant FlyFF World.
ACHIEVEMENT_FWCPVESECOND_NAME,FWC Colosseum 2nd,2ème du Colisée FWC
ACHIEVEMENT_FWCPVESECOND_DESC,Get second place in the 2023 Flyff World Championship PvE Competition.,Atteignez la seconde place dans la compétition JcE du Championnat FlyFF World.
ACHIEVEMENT_FWCPVETHIRD_NAME,FWC Colosseum 3rd,3ème du Colisée FWC
ACHIEVEMENT_FWCPVETHIRD_DESC,Get third place in the 2023 Flyff World Championship PvE Competition.,Atteignez la troisième place dans la compétition JcE du Championnat FlyFF World.
ACHIEVEMENT_ROULETTE_1,First Daily Login,Première connexion
ACHIEVEMENT_ROULETTE_2,Play 2 hours,Jouez 2 heures
ACHIEVEMENT_ROULETTE_3,Play 4 hours,Jouez 4 heures
ACHIEVEMENT_ROULETTE_4,Play 6 hours,Jouez 6 heures
ACHIEVEMENT_ROULETTE_5,Play 8 hours,Jouez 8 heures
ACHIEVEMENT_ROULETTE_6,Play 10 hours,Jouez 10 heures
ACHIEVEMENT_ROULETTE_7,Play 12 hours,Jouez 12 heures
ACHIEVEMENT_ROULETTE_8,Play 14 hours,Jouez 14 heures
ACHIEVEMENT_ROULETTE_9,Play 16 hours,Jouez 16 heures
ACHIEVEMENT_ROULETTE_10,Play 18 hours,Jouez 18 heures
ACHIEVEMENT_ROULETTE_11,Play 20 hours,Jouez 20 heures
ACHIEVEMENT_ROULETTE_12,Play 22 hours,Jouez 22 heures
ACHIEVEMENT_RETURNING_TITLE,Homecoming Daily Login,Fête de fin d'année
ACHIEVEMENT_RETURNING_DESC,You haven't logged in for a long time! Log in every day to receive rewards! Welcome back!,Vous ne vous êtes pas connecté depuis longtemps ! Connectez-vous chaque jour pour obtenir des récompenses. Merci de votre présence.
ACHIEVEMENT_RAINBOWRACE_NAME,Rainbow Race Winner,Vainqueur de la Course Arc-en-Ciel
ACHIEVEMENT_RAINBOWRACE_DESC,A unique reward for those who win the Rainbow Race.,Une récompense unique pour les vainqueurs de la Course Arc-en-Ciel.
ACHIEVEMENT_RAINBOWRACE_TITLE,Speed Demon,Démon de la Vitesse
ACHIEVEMENT_RAINBOWRACE_WINS_NAME,Rainbow Race Champion,Champion de la Course Arc-En-Ciel
ACHIEVEMENT_RAINBOWRACE_WINS_DESC,Unique rewards based on the number of Rainbow Race wins!,Des récompenses uniques selon le nombre de victoires obtenues à la course Arc-En-Ciel !
ACHIEVEMENT_MASTER110_TITLE,Master,Maître
ACHIEVEMENT_DAILY_PLAY_TIME_PREMIUM_DESC,Use a Bonus Playtime Coupon (purchasable with fCoins) to unlock bonus rewards at each daily playtime milestone.,Débloquez des récompenses journalières supplémentaires en dépensant des fCoins !
ACHIEVEMENT_TOTAL_CONNECTION_PREMIUM_NAME,Bonus Login Rewards,Pack de Connexion
ACHIEVEMENT_TOTAL_CONNECTION_PREMIUM_DESC,"Use a Bonus Login Coupon (purchasable with fCoins) to unlock bonus rewards for each day you log in. After completion, you can use another coupon to start over.",Connectez-vous un certain nombre de fois pour obtenir des récompenses premium.
ACHIEVEMENT_FWC_2024_BEGINNER_NAME,2024 FWC Beginner,Débutant FWC 2024
ACHIEVEMENT_FWC_2024_COMBATANT_NAME,2024 FWC Combatant,Combattant FWC 2024
ACHIEVEMENT_FWC_2024_COMBATANT_DESC,Reach level 60 in the 2024 Flyff World Championship.,Atteignez le niveau 60 au Championnant FlyFF World.
ACHIEVEMENT_FWC_2024_VANQUISHER_NAME,2024 FWC Vanquisher,Vainqueur FWC 2024
ACHIEVEMENT_FWC_2024_VANQUISHER_DESC,Reach level 100 in the 2024 Flyff World Championship.,Atteignez le niveau 100 au Championnat FlyFF World.
ACHIEVEMENT_FWC_2024_MASTER_NAME,2024 FWC Master,Maître FWC 2024
ACHIEVEMENT_FWC_2024_MASTER_DESC,Reach level 160 in the 2024 Flyff World Championship.,Atteignez le niveau 160 au Championnant FlyFF World.
ACHIEVEMENT_FWC_2024_EMPEROR_NAME,2024 FWC Emperor,Empereur FWC 2024
ACHIEVEMENT_FWC_2024_EMPEROR_DESC,Complete all Gear Exchanges in the 2024 Flyff World Championship.,Réalisez tous les Échanges d'Équipement FWC
ACHIEVEMENT_COUPLE_FORM_01_NAME,Couple 1,Couple 1
ACHIEVEMENT_COUPLE_FORM_01_TITLE,Solo Escape,Évasion en solo
ACHIEVEMENT_COUPLE_FORM_02_NAME,Couple 10,Couple 10
ACHIEVEMENT_COUPLE_FORM_02_TITLE,Experienced,Expérimenté
ACHIEVEMENT_COUPLE_FORM_03_NAME,Couple 100,Couple 100
ACHIEVEMENT_COUPLE_FORM_03_TITLE,Casanova,Casanova
ACHIEVEMENT_COUPLE_FORM_DESC,Find a partner and form a couple.,Trouvez un partenaire et formez un couple.
ACHIEVEMENT_COUPLE_LEVEL_01_NAME,Couple Level 5,Niveau de couple 5
ACHIEVEMENT_COUPLE_LEVEL_01_TITLE,Getting to Know,Apprendre à se connaître
ACHIEVEMENT_COUPLE_LEVEL_02_NAME,Couple Level 10,Niveau de couple 10
ACHIEVEMENT_COUPLE_LEVEL_02_TITLE,Close Acquaintances,Relations proches
ACHIEVEMENT_COUPLE_LEVEL_03_NAME,Couple Level 15,Niveau de couple 15
ACHIEVEMENT_COUPLE_LEVEL_03_TITLE,Destined Couple,Couple destiné
ACHIEVEMENT_COUPLE_LEVEL_DESC,Raise your couple's level.,Augmentez le niveau de votre couple.
ACHIEVEMENT_COUPLE_DURATION_01_NAME,Couple Duration 100,Durée du couple 100 jours
ACHIEVEMENT_COUPLE_DURATION_01_TITLE,100 Days of Love,100 jours d’amour
ACHIEVEMENT_COUPLE_DURATION_02_NAME,Couple Duration 200,Durée du couple 200 jours
ACHIEVEMENT_COUPLE_DURATION_02_TITLE,200 Days of Love,200 jours d’amour
ACHIEVEMENT_COUPLE_DURATION_03_NAME,Couple Duration 365,Durée du couple 365 jours
ACHIEVEMENT_COUPLE_DURATION_03_TITLE,365 Days of Love,365 jours d’amour
ACHIEVEMENT_COUPLE_DURATION_DESC,Remain in a couple relationship for a set number of consecutive days.,Maintenez un couple avec votre partenaire pendant des jours consécutifs.
ACHIEVEMENT_COUPLE_SKILL_NAME,Couple Skills,Compétences de couple
ACHIEVEMENT_COUPLE_SKILL_TITLE,Better Together,Mieux ensemble
ACHIEVEMENT_COUPLE_SKILL_DESC,Use couple skills.,Utilisez des compétences de couple.
ACHIEVEMENT_COUPLE_MOTION_01_NAME,Couple Emotes 100,Émotes de couple 100
ACHIEVEMENT_COUPLE_MOTION_01_TITLE,Like Bread and Butter,Comme les doigts de la main
ACHIEVEMENT_COUPLE_MOTION_02_NAME,Couple Emotes 1000,Émotes de couple 1000
ACHIEVEMENT_COUPLE_MOTION_02_TITLE,Great Couples Think Alike,Pensées jumelles
ACHIEVEMENT_COUPLE_MOTION_03_NAME,Couple Emotes 10000,Émotes de couple 10000
ACHIEVEMENT_COUPLE_MOTION_03_TITLE,"One Mind, One Body","Un esprit, un corps"
ACHIEVEMENT_COUPLE_MOTION_DESC,Use couple emotes.,Utilisez des émotes de couple.
ACHIEVEMENT_LIFE_MASTERY_GREAT_SUCCESS_NAME,Great Success!,Grand succès !
ACHIEVEMENT_LIFE_MASTERY_GREAT_SUCCESS_TITLE01,Bonus Obtained,Bonus obtenu
ACHIEVEMENT_LIFE_MASTERY_GREAT_SUCCESS_TITLE02,Bonus-full,Bonus maximal
ACHIEVEMENT_LIFE_MASTERY_GREAT_SUCCESS_DESC,Achieve a great success with a lifestyle skill.,Réalisez un grand succès dans une compétence de Métier.
ACHIEVEMENT_LIFE_MASTERY_POINTS_NAME,Earn mastery points.,Atteignez les points de maîtrise.
ACHIEVEMENT_LIFE_MASTERY_TITLE01,Lifestyle Beginner,Débutant en Métier
ACHIEVEMENT_LIFE_MASTERY_TITLE02,Lifestyle Newbie,Novice en Métier
ACHIEVEMENT_LIFE_MASTERY_TITLE03,Lifestyle Expert,Expert en Métier
ACHIEVEMENT_LIFE_MASTERY_TITLE04,Lifestyle Guru,Gourou des Métiers
ACHIEVEMENT_LIFE_MASTERY_POINTS_DESC,Raise your Lifestyle mastery.,Augmentez votre maîtrise des Métiers.
ACHIEVEMENT_HERB_GATHERING_POINTS_NAME,Master of Herb Gathering,Maître de la cueillette d’herbes
ACHIEVEMENT_HERB_GATHERING_TITLE01,Newbie Gatherer,Cueilleur novice
ACHIEVEMENT_HERB_GATHERING_TITLE02,Gatherer,Cueilleur
ACHIEVEMENT_HERB_GATHERING_TITLE03,Expert Gatherer,Cueilleur expert
ACHIEVEMENT_HERB_GATHERING_TITLE04,Master Gatherer,Maître cueilleur
ACHIEVEMENT_HERB_GATHERING_POINTS_DESC,Raise your Herb Gathering mastery.,Augmentez votre maîtrise de la cueillette d’herbes.
ACHIEVEMENT_WOOD_CUTTING_POINTS_NAME,Master of Woodcutting,Maître du bûcheronnage
ACHIEVEMENT_WOOD_CUTTING_TITLE01,Newbie Lumberjack,Bûcheron novice
ACHIEVEMENT_WOOD_CUTTING_TITLE02,Lumberjack,Bûcheron
ACHIEVEMENT_WOOD_CUTTING_TITLE03,Expert Lumberjack,Bûcheron expert
ACHIEVEMENT_WOOD_CUTTING_TITLE04,Master Lumberjack,Maître bûcheron
ACHIEVEMENT_WOOD_CUTTING_POINTS_DESC,Raise your Woodcutting mastery.,Augmentez votre maîtrise du bûcheronnage.
ACHIEVEMENT_MINING_POINTS_NAME,Master of Mining,Maître du minage
ACHIEVEMENT_MINING_TITLE01,Newbie Miner,Mineur novice
ACHIEVEMENT_MINING_TITLE02,Miner,Mineur
ACHIEVEMENT_MINING_TITLE03,Expert Miner,Mineur expert
ACHIEVEMENT_MINING_TITLE04,Master Miner,Maître mineur
ACHIEVEMENT_MINING_POINTS_DESC,Raise your Mining mastery.,Augmentez votre maîtrise du minage.
ACHIEVEMENT_FISHING_POINTS_NAME,Master of Fishing,Maître de la pêche
ACHIEVEMENT_FISHING_TITLE01,Newbie Fisher,Pêcheur novice
ACHIEVEMENT_FISHING_TITLE02,Fisher,Pêcheur
ACHIEVEMENT_FISHING_TITLE03,Expert Fisher,Pêcheur expert
ACHIEVEMENT_FISHING_TITLE04,Master Fisher,Maître pêcheur
ACHIEVEMENT_FISHING_POINTS_DESC,Raise your Fishing mastery.,Augmentez votre maîtrise de la pêche.
ACHIEVEMENT_COOKING_POINTS_NAME,Master of Cooking,Maître de la cuisine
ACHIEVEMENT_COOKING_TITLE01,Newbie Cook,Cuisinier novice
ACHIEVEMENT_COOKING_TITLE02,Cook,Cuisinier
ACHIEVEMENT_COOKING_TITLE03,Expert Cook,Cuisinier expert
ACHIEVEMENT_COOKING_TITLE04,Master Cook,Maître cuisinier
ACHIEVEMENT_COOKING_POINTS_DESC,Raise your Cooking mastery.,Augmentez votre maîtrise de la cuisine.
ACHIEVEMENT_ALCHEMY_POINTS_NAME,Master of Alchemy,Maître de l’alchimie
ACHIEVEMENT_ALCHEMY_TITLE01,Newbie Alchemist,Alchimiste novice
ACHIEVEMENT_ALCHEMY_TITLE02,Alchemist,Alchimiste
ACHIEVEMENT_ALCHEMY_TITLE03,Expert Alchemist,Alchimiste expert
ACHIEVEMENT_ALCHEMY_TITLE04,Master Alchemist,Maître alchimiste
ACHIEVEMENT_ALCHEMY_POINTS_DESC,Raise your Alchemy mastery.,Augmentez votre maîtrise de l’alchimie.
ACHIEVEMENT_CARPENTRY_POINTS_NAME,Master of Carpentry,Maître de la menuiserie
ACHIEVEMENT_CARPENTRY_TITLE01,Newbie Carpenter,Menuisier novice
ACHIEVEMENT_CARPENTRY_TITLE02,Carpenter,Menuisier
ACHIEVEMENT_CARPENTRY_TITLE03,Expert Carpenter,Menuisier expert
ACHIEVEMENT_CARPENTRY_TITLE04,Master Carpenter,Maître menuisier
ACHIEVEMENT_CARPENTRY_POINTS_DESC,Raise your Carpentry mastery.,Augmentez votre maîtrise de la menuiserie.
ACHIEVEMENT_SMITHING_POINTS_NAME,Master of Smithing,Maître de la forge
ACHIEVEMENT_SMITHING_TITLE01,Newbie Smith,Forgeron novice
ACHIEVEMENT_SMITHING_TITLE02,Smith,Forgeron
ACHIEVEMENT_SMITHING_TITLE03,Expert Smith,Forgeron expert
ACHIEVEMENT_SMITHING_TITLE04,Master Smith,Maître forgeron
ACHIEVEMENT_SMITHING_POINTS_DESC,Raise your Smithing mastery.,Augmentez votre maîtrise de la forge.
ACHIEVEMENT_FWCPVP2WINNER_NAME,2024 FWC Arena Champion,Champion de l’Arène FWC 2024
ACHIEVEMENT_FWCPVP2WINNER_DESC,Win the 2024 Flyff World Championship PvP Competition.,Remportez la compétition PvP du Flyff World Championship 2024.
ACHIEVEMENT_FWCPVP2SECOND_NAME,2024 FWC Arena 2nd,2ᵉ place Arène FWC 2024
ACHIEVEMENT_FWCPVP2SECOND_DESC,Get second place in the 2024 Flyff World Championship PvP Competition.,Obtenez la deuxième place de la compétition PvP du Flyff World Championship 2024.
ACHIEVEMENT_FWCPVP2THIRD_NAME,2024 FWC Arena 3rd,3ᵉ place Arène FWC 2024
ACHIEVEMENT_FWCPVP2THIRD_DESC,Get third place in the 2024 Flyff World Championship PvP Competition.,Obtenez la troisième place de la compétition PvP du Flyff World Championship 2024.
ACHIEVEMENT_FWCPVP2FINALIST_NAME,2024 FWC Arena Finalist,Finaliste de l’Arène FWC 2024
ACHIEVEMENT_FWCPVP2FINALIST_DESC,Participate in the 2024 Flyff World Championship PvP Finals.,Participez aux finales PvP du Flyff World Championship 2024.
ACHIEVEMENT_MASTER125_NAME,Hero 125 - 140,Héros 125 - 140
ACHIEVEMENT_MASTER125_DESC,Complete the second Hero Quest.,Terminez la deuxième quête de héros.
ACHIEVEMENT_MASTER140_NAME,Hero 140 - 160,Héros 140 - 160
ACHIEVEMENT_MASTER140_DESC,Complete the third Hero Quest.,Terminez la troisième quête de héros.
ACHIEVEMENT_CHRISTMAS_ATTENDANCE_NAME,Christmas Gift for all Flyffers,Cadeau de Noël pour tous les Flyffers
ACHIEVEMENT_CHRISTMAS_ATTENDANCE_DESC,Log in each day for 30 minutes to receive rewards!,Connectez-vous chaque jour pendant 30 minutes et recevez des récompenses !
ACHIEVEMENT_CHRISTMAS_INVASION,Christmas Invasion,Invasion de Noël
ACHIEVEMENT_ATTENDANCE_NAME,Playtime Event,Événement de présence
ACHIEVEMENT_ATTENDANCE_DESC,Log in each day for 40 minutes to receive rewards!,Connectez-vous chaque jour pendant 40 minutes et recevez des récompenses !
ACHIEVEMENT_ATTENDANCE_LVL1,Day 1,Jour 1
ACHIEVEMENT_ATTENDANCE_LVL2,Day 2,Jour 2
ACHIEVEMENT_ATTENDANCE_LVL3,Day 3,Jour 3
ACHIEVEMENT_ATTENDANCE_LVL4,Day 4,Jour 4
ACHIEVEMENT_ATTENDANCE_LVL5,Day 5,Jour 5
ACHIEVEMENT_ATTENDANCE_LVL6,Day 6,Jour 6
ACHIEVEMENT_ATTENDANCE_LVL7,Day 7,Jour 7
ACHIEVEMENT_ATTENDANCE_LVL8,Day 8,Jour 8
ACHIEVEMENT_ATTENDANCE_LVL9,Day 9,Jour 9
ACHIEVEMENT_ATTENDANCE_LVL10,Day 10,Jour 10
ACHIEVEMENT_ATTENDANCE_LVL11,Day 11,Jour 11
ACHIEVEMENT_ATTENDANCE_LVL12,Day 12,Jour 12
ACHIEVEMENT_ATTENDANCE_LVL13,Day 13,Jour 13
ACHIEVEMENT_ATTENDANCE_LVL14,Day 14,Jour 14
ACHIEVEMENT_ATTENDANCE_LVL15,Day 15,Jour 15
ACHIEVEMENT_ATTENDANCE_LVL16,Day 16,Jour 16
ACHIEVEMENT_ATTENDANCE_LVL17,Day 17,Jour 17
ACHIEVEMENT_ATTENDANCE_LVL18,Day 18,Jour 18
ACHIEVEMENT_ATTENDANCE_LVL19,Day 19,Jour 19
ACHIEVEMENT_ATTENDANCE_LVL20,Day 20,Jour 20
ACHIEVEMENT_ATTENDANCE_LVL21,Day 21,Jour 21
ACHIEVEMENT_ATTENDANCE_LVL22,Day 22,Jour 22
ACHIEVEMENT_ATTENDANCE_LVL23,Day 23,Jour 23
ACHIEVEMENT_ATTENDANCE_LVL24,Day 24,Jour 24
ACHIEVEMENT_ATTENDANCE_LVL25,Day 25,Jour 25
ACHIEVEMENT_ATTENDANCE_LVL26,Day 26,Jour 26
ACHIEVEMENT_ATTENDANCE_LVL27,Day 27,Jour 27
ACHIEVEMENT_ATTENDANCE_LVL28,Day 28,Jour 28
ACHIEVEMENT_ATTENDANCE_LVL29,Day 29,Jour 29
ACHIEVEMENT_ATTENDANCE_LVL30,Day 30,Jour 30
ACHIEVEMENT_ATTENDANCE_LVL31,Day 31,Jour 31
ACHIEVEMENT_ATTENDANCE_LVL32,Day 32,Jour 32
ACHIEVEMENT_ATTENDANCE_LVL33,Day 33,Jour 33
ACHIEVEMENT_ATTENDANCE_LVL34,Day 34,Jour 34
ACHIEVEMENT_ATTENDANCE_LVL35,Day 35,Jour 35
ACHIEVEMENT_ATTENDANCE_LVL36,Day 36,Jour 36
ACHIEVEMENT_ATTENDANCE_LVL37,Day 37,Jour 37
ACHIEVEMENT_ATTENDANCE_LVL38,Day 38,Jour 38
ACHIEVEMENT_ATTENDANCE_LVL39,Day 39,Jour 39
ACHIEVEMENT_ATTENDANCE_LVL40,Day 40,Jour 40
ACHIEVEMENT_ATTENDANCE_LVL41,Day 41,Jour 41
ACHIEVEMENT_ATTENDANCE_LVL42,Day 42,Jour 42
ACHIEVEMENT_NEWYEAR_ATTENDANCE,New Year Event,Événement du Nouvel An
ACHIEVEMENT_PLAYTIME_30,Play 30m,Jouer 30 min
ACHIEVEMENT_PLAYTIME_60,Play 1h,Jouer 1 h
ACHIEVEMENT_PLAYTIME_90,Play 1h 30m,Jouer 1h 30
ACHIEVEMENT_PLAYTIME_120,Play 2h,Jouer 2h
ACHIEVEMENT_PLAYTIME_150,Play 2h 30m,Jouer 2h 30
ACHIEVEMENT_PLAYTIME_180,Play 3h,Jouer 3h
ACHIEVEMENT_PLAYTIME_210,Play 3h 30m,Jouer 3h 30
ACHIEVEMENT_PLAYTIME_240,Play 4h,Jouer 4h
ACHIEVEMENT_PLAYTIME_270,Play 4h 30m,Jouer 4h 30
ACHIEVEMENT_PLAYTIME_300,Play 5h,Jouer 5h
ACHIEVEMENT_PLAYTIME_330,Play 5h 30m,Jouer 5h 30
ACHIEVEMENT_PLAYTIME_360,Play 6h,Jouer 6h
ACHIEVEMENT_PLAYTIME_390,Play 6h 30m,Jouer 6h 30
ACHIEVEMENT_PLAYTIME_420,Play 7h,Jouer 7h
ACHIEVEMENT_PLAYTIME_450,Play 7h 30m,Jouer 7h 30
ACHIEVEMENT_PLAYTIME_480,Play 8h,Jouer 8h
ACHIEVEMENT_PLAYTIME_510,Play 8h 30m,Jouer 8h 30
ACHIEVEMENT_PLAYTIME_540,Play 9h,Jouer 9h
ACHIEVEMENT_PLAYTIME_570,Play 9h 30m,Jouer 9h 30
ACHIEVEMENT_PLAYTIME_600,Play 10h,Jouer 10h
ACHIEVEMENT_PLAYTIME_630,Play 10h 30m,Jouer 10h 30
ACHIEVEMENT_PLAYTIME_660,Play 11h,Jouer 11h
ACHIEVEMENT_PLAYTIME_690,Play 11h 30m,Jouer 11h 30
ACHIEVEMENT_PLAYTIME_720,Play 12h,Jouer 12h
ACHIEVEMENT_PLAYTIME_750,Play 12h 30m,Jouer 12h 30
ACHIEVEMENT_PLAYTIME_780,Play 13h,Jouer 13h
ACHIEVEMENT_PLAYTIME_810,Play 13h 30m,Jouer 13h 30
ACHIEVEMENT_PLAYTIME_840,Play 14h,Jouer 14h
ACHIEVEMENT_PLAYTIME_870,Play 14h 30m,Jouer 14h 30
ACHIEVEMENT_PLAYTIME_900,Play 15h,Jouer 15h
ACHIEVEMENT_PLAYTIME_930,Play 15h 30m,Jouer 15h 30
ACHIEVEMENT_PLAYTIME_960,Play 16h,Jouer 16h
ACHIEVEMENT_PLAYTIME_990,Play 16h 30m,Jouer 16h 30
ACHIEVEMENT_PLAYTIME_1020,Play 17h,Jouer 17h
ACHIEVEMENT_PLAYTIME_1050,Play 17h 30m,Jouer 17h 30
ACHIEVEMENT_PLAYTIME_1080,Play 18h,Jouer 18h
ACHIEVEMENT_PLAYTIME_1110,Play 18h 30m,Jouer 18h 30
ACHIEVEMENT_PLAYTIME_1140,Play 19h,Jouer 19h
ACHIEVEMENT_PLAYTIME_1170,Play 19h 30m,Jouer 19h 30
ACHIEVEMENT_PLAYTIME_1200,Play 20h,Jouer 20h
ACHIEVEMENT_PLAYTIME_1230,Play 20h 30m,Jouer 20h 30
ACHIEVEMENT_PLAYTIME_1260,Play 21h,Jouer 21h
ACHIEVEMENT_PLAYTIME_1290,Play 21h 30m,Jouer 21h 30
ACHIEVEMENT_PLAYTIME_1320,Play 22h,Jouer 22h
ACHIEVEMENT_PLAYTIME_1350,Play 22h 30m,Jouer 22h 30
ACHIEVEMENT_PLAYTIME_1380,Play 23h,Jouer 23h
ACHIEVEMENT_PLAYTIME_1410,Play 23h 30m,Jouer 23h 30
ACHIEVEMENT_PLAYTIME_1439,Play 23h 59m,Jouer 23h 59
ACHIEVEMENT_YEAROFTHESNAKE,Year of the Snake,Année du Serpent
ACHIEVEMENT_EASTER_EGG_2025,Find Easter Eggs,Trouver des œufs de Pâques
ACHIEVEMENT_EASTER_EGG_5,Gather 5 Easter Eggs,Rassembler 5 œufs de Pâques
ACHIEVEMENT_EASTER_EGG_10,Gather 10 Easter Eggs,Rassembler 10 œufs de Pâques
ACHIEVEMENT_EASTER_EGG_15,Gather 15 Easter Eggs,Rassembler 15 œufs de Pâques
ACHIEVEMENT_EASTER_EGG_20,Gather 20 Easter Eggs,Rassembler 20 œufs de Pâques
ACHIEVEMENT_3RD_ANNIV_ATTENDANCE,3rd Anniversary Daily Login,Présence pour le 3ᵉ anniversaire
ACHIEVEMENT_FWC_2025_BEGINNER_NAME,2025 FWC Beginner,2025 FWC Débutant
ACHIEVEMENT_FWC_2025_BRAWLER_NAME,2025 FWC Brawler,2025 FWC Combattant
ACHIEVEMENT_FWC_2025_WARRIOR_NAME,2025 FWC Warrior,2025 FWC Guerrier
ACHIEVEMENT_FWC_2025_SAVIOR_NAME,2025 FWC Savior,2025 FWC Sauveur
ACHIEVEMENT_FWC_2025_SAVIOR_DESC,Reach level 140 in the 2025 Flyff World Championship.,Atteindre le niveau 140 dans le Championnat du Monde Flyff
ACHIEVEMENT_FWC_2025_OVERLORD_NAME,2025 FWC Overlord,2025 FWC Seigneur
ACHIEVEMENT_FWC_2025_OVERLORD_DESC,Reach level 150 in the 2025 Flyff World Championship.,Atteindre le niveau 150 dans le Championnat du Monde Flyff
ACHIEVEMENT_FWC_2025_MASTER_NAME,2025 FWC Master,2025 FWC Maître
ACHIEVEMENT_FWC_2025_DAILY_PLAY_DESC,Use an FWC Bonus Playtime Coupon to earn rewards.\nYou can obtain the item from the 2025 FWC Championship Pass free rewards!,Utiliser le coupon de présence supplémentaire FWC pour obtenir des récompenses.\nVous pouvez obtenir l’objet via la récompense gratuite du Pass Championnat FWC 2025 !
ACHIEVEMENT_FWC_2025_PVE_1ST_NAME,2025 FWC Colosseum Champion,2025 FWC Champion du Colisée
ACHIEVEMENT_FWC_2025_PVE_1ST_DESC,Win the 2025 Flyff World Championship PvE Competition.,Remporter la compétition PvE du Championnat du Monde Flyff 2025
ACHIEVEMENT_FWC_2025_PVE_2ND_NAME,2025 FWC Colosseum 2nd,2025 FWC Colisée 2ᵉ
ACHIEVEMENT_FWC_2025_PVE_2ND_DESC,Get second place in the 2025 Flyff World Championship PvE Competition.,Obtenir la 2ᵉ place de la compétition PvE du Championnat du Monde Flyff 2025
ACHIEVEMENT_FWC_2025_PVE_3RD_NAME,2025 FWC Colosseum 3rd,2025 FWC Colisée 3ᵉ
ACHIEVEMENT_FWC_2025_PVE_3RD_DESC,Get third place in the 2025 Flyff World Championship PvE Competition.,Obtenir la 3ᵉ place de la compétition PvE du Championnat du Monde Flyff 2025
ACHIEVEMENT_FWC_2025_PVE_PARTICIPANT_NAME,2025 FWC Colosseum Participant,2025 FWC Participant du Colisée
ACHIEVEMENT_FWC_2025_PVE_PARTICIPANT_DESC,Participate in the 2025 Flyff World Championship PvE Competition.,Participer à la compétition PvE du Championnat du Monde Flyff 2025
ACHIEVEMENT_FWC_2025_PVP_1ST_NAME,2025 FWC Arena Champion,2025 FWC Champion de l’Arène
ACHIEVEMENT_FWC_2025_PVP_1ST_DESC,Win the 2025 Flyff World Championship PvP Competition.,Remporter la compétition PvP du Championnat du Monde Flyff 2025
ACHIEVEMENT_FWC_2025_PVP_2ND_NAME,2025 FWC Arena 2nd,2025 FWC Arène 2ᵉ
ACHIEVEMENT_FWC_2025_PVP_2ND_DESC,Get second place in the 2025 Flyff World Championship PvP Competition.,Obtenir la 2ᵉ place de la compétition PvP du Championnat du Monde Flyff 2025
ACHIEVEMENT_FWC_2025_PVP_3RD_NAME,2025 FWC Arena 3rd,2025 FWC Arène 3ᵉ
ACHIEVEMENT_FWC_2025_PVP_3RD_DESC,Get third place in the 2025 Flyff World Championship PvP Competition.,Obtenir la 3ᵉ place de la compétition PvP du Championnat du Monde Flyff 2025
ACHIEVEMENT_FWC_2025_PVP_FINALIST_NAME,2025 FWC Arena Finalist,2025 FWC Finaliste de l’Arène
ACHIEVEMENT_FWC_2025_PVP_FINALIST_DESC,Participate in the 2025 Flyff World Championship PvP Finals.,Participer aux finales PvP du Championnat du Monde Flyff 2025
ACHIEVEMENT_FWC_2025_PVP_PARTICIPANT_NAME,2025 FWC Arena Participant,2025 FWC Participant de l’Arène
ACHIEVEMENT_FWC_2025_PVP_PARTICIPANT_DESC,Participate in the 2025 Flyff World Championship PvP Qualifications.,Participer aux qualifications PvP du Championnat du Monde Flyff 2025
ACHIEVEMENT_FWC_2025_HIGHROLLER_NAME,2025 FWC High Roller,2025 FWC Gros Joueur
ACHIEVEMENT_FWC_2025_HIGHROLLER_DESC,An honorable title awarded to the player who earned the most Champion Coins across all servers.,Titre honorifique décerné au joueur ayant obtenu le plus de Pièces de Champion sur tous les serveurs
ACHIEVEMENT_FWC_2025_LUCKYSTREAK_NAME,2025 FWC Lucky Streak,2025 FWC Série Chanceuse
ACHIEVEMENT_FWC_2025_LUCKYSTREAK_DESC,An honorable title awarded to the player who almost earned the most Champion Coins across all servers.,Titre honorifique décerné au joueur ayant presque obtenu le plus de Pièces de Champion sur tous les serveurs
ACHIEVEMENT_FWC_2025_WHALE_NAME,2025 FWC Whale,2025 FWC Baleine
ACHIEVEMENT_FWC_2025_WHALE_DESC,Awarded to the player who earned the most Champion Coins within their own server.,Titre décerné au joueur ayant obtenu le plus de Pièces de Champion sur son serveur
ACHIEVEMENT_FWC_2025_THEUNLUCKY_NAME,2025 FWC The Unlucky,2025 FWC Malchanceux
ACHIEVEMENT_FWC_2025_THEUNLUCKY_DESC,Awarded to the player who spent many FWC Coins but earned the fewest Champion Coins within their own server.,Titre décerné au joueur ayant dépensé beaucoup de Pièces FWC mais obtenu le moins de Pièces de Champion sur son serveur
ACHIEVEMENT_FWC_2025_PARTNERSTREAMER_NAME,2025 FWC Partner Streamer,2025 FWC Streamer Partenaire
ACHIEVEMENT_FWC_2025_PARTNERSTREAMER_ESC,Awarded to partner streamers during the 2025 Flyff World Championship.,Titre décerné aux streamers partenaires lors du FWC 2025
ACHIEVEMENT_UPGRADE_1,Upgrade +1,Amélioration +1
ACHIEVEMENT_UPGRADE_2,Upgrade +2,Amélioration +2
ACHIEVEMENT_UPGRADE_3,Upgrade +3,Amélioration +3
ACHIEVEMENT_UPGRADE_4,Upgrade +4,Amélioration +4
ACHIEVEMENT_UPGRADE_5,Upgrade +5,Amélioration +5
ACHIEVEMENT_UPGRADE_6,Upgrade +6,Amélioration +6
ACHIEVEMENT_UPGRADE_7,Upgrade +7,Amélioration +7
ACHIEVEMENT_UPGRADE_8,Upgrade +8,Amélioration +8
ACHIEVEMENT_UPGRADE_9,Upgrade +9,Amélioration +9
ACHIEVEMENT_UPGRADE_10,Upgrade +10,Amélioration +10
ACHIEVEMENT_MASTER160_NAME,Hero 160 - 180,Héros 160 - 180
ACHIEVEMENT_MASTER160_DESC,Complete the fourth Hero Quest.,Compléter la quatrième quête Héros
ACHIEVEMENT_15UPDATE_ATTENDANCE_NAME,1.5 Update Playtime Event,Présence mise à jour 1.5
ACHIEVEMENT_15UPDATE_ATTENDANCE_DESC,Log in each day for 40 minutes to receive rewards!,Connectez-vous chaque jour pendant 40 minutes et recevez des récompenses !
ACHIEVEMENT_15UPDATE_INTOTHEEILLUN_NAME,Into the Eillun,Vers Eillun
ACHIEVEMENT_15UPDATE_INTOTHEEILLUN_DESC,Complete the main quests to earn rewards during the event!,Compléter les quêtes principales et obtenir des récompenses pendant l’événement !
ACHIEVEMENT_15UPDATE_WORKERSOFTHEKAILLUN_NAME,Workers of the Kaillun,Travailleurs de Kaillun
ACHIEVEMENT_15UPDATE_WORKERSOFTHEKAILLUN_DESC,Complete the daily quests in Kaillun to earn rewards during the event!,Compléter les quêtes journalières à Kaillun et obtenir des récompenses pendant l’événement !
ACHIEVEMENT_15UPDATE_WORKERSOFTHEKAILLUN_LVL1,Complete Kaillun Daily Quests 10 times.,Compléter les quêtes journalières de Kaillun 10 fois
ACHIEVEMENT_15UPDATE_WORKERSOFTHEKAILLUN_LVL2,Complete Kaillun Daily Quests 20 times.,Compléter les quêtes journalières de Kaillun 20 fois
ACHIEVEMENT_15UPDATE_WORKERSOFTHEKAILLUN_LVL3,Complete Kaillun Daily Quests 30 times.,Compléter les quêtes journalières de Kaillun 30 fois
ACHIEVEMENT_15UPDATE_WORKERSOFTHEKAILLUN_LVL4,Complete Kaillun Daily Quests 45 times.,Compléter les quêtes journalières de Kaillun 45 fois
ACHIEVEMENT_15UPDATE_WORKERSOFTHEKAILLUN_LVL5,Complete Kaillun Daily Quests 60 times.,Compléter les quêtes journalières de Kaillun 60 fois
ACHIEVEMENT_TAKETHEANKOUSASYLUM_NAME,Take the Ankou's Asylum,Explorer l’asile d’Ankou
ACHIEVEMENT_TAKETHEANKOUSASYLUM_DESC,Challenge yourself with a new dungeon! Defeat Ankou to earn rewards during the event!,Relevez le défi d’un nouveau donjon et battez Ankou pour obtenir des récompenses pendant l’événement !
ACHIEVEMENT_KILL_ANKOU,Defeat Ankou,Vaincre Ankou
ACHIEVEMENT_KILL_BLAZINGANKOU,Defeat Blazing Ankou,Vaincre l’Ankou enflammé
ACHIEVEMENT_KILL_DEMONICANKOU,Defeat Demonic Ankou,Vaincre l’Ankou démoniaque
ACHIEVEMENT_SYNTHESIZE_ULTIMATE_JEWEL_NAME,Ultimate Jewel Synthesis Event,Événement de Synthèse de Joyaux Ultimes
ACHIEVEMENT_SYNTHESIZE_ULTIMATE_JEWEL_DESC,Synthesize Ultimate Jewels to earn rewards during the event!,Synthétiser les Joyaux Ultimes et obtenir des récompenses pendant l’événement !
ACHIEVEMENT_LEVEL_LVL13,Specialist Level 1,Niveau Spécialiste 1
ACHIEVEMENT_LEVEL_LVL14,Specialist Level 2,Niveau Spécialiste 2
ACHIEVEMENT_LEVEL_LVL15,Specialist Level 3,Niveau Spécialiste 3
ACHIEVEMENT_FIRST_190_NAME,The First Vindicator,Le Premier Vengeur
ACHIEVEMENT_FIRST_190_DESC,Awarded to the first player to reach level 190.,Titre décerné au premier joueur atteignant le niveau 190
ACHIEVEMENT_YEAROFTHEHORSE,Year of the Horse,Année du Cheval
ACHIEVEMENT_FWC_2026_BEGINNER_NAME,2026 FWC Beginner,Débutant FWC 2026
ACHIEVEMENT_FWC_2026_BEGINNER_DESC,Reach level 16 in the 2026 Flyff World Championship.,Atteignez le niveau 16 dans le Flyff World Championship 2026.
ACHIEVEMENT_FWC_2026_BRAWLER_NAME,2026 FWC Brawler,Bagarreur FWC 2026
ACHIEVEMENT_FWC_2026_BRAWLER_DESC,Reach level 60 in the 2026 Flyff World Championship.,Atteignez le niveau 60 dans le Flyff World Championship 2026.
ACHIEVEMENT_FWC_2026_WARRIOR_NAME,2026 FWC Warrior,Guerrier FWC 2026
ACHIEVEMENT_FWC_2026_WARRIOR_DESC,Reach level 140 in the 2026 Flyff World Championship.,Atteignez le niveau 140 dans le Flyff World Championship 2026.
ACHIEVEMENT_FWC_2026_SAVIOR_NAME,2026 FWC Savior,Sauveur FWC 2026
ACHIEVEMENT_FWC_2026_SAVIOR_DESC,Reach level 150 in the 2026 Flyff World Championship.,Atteignez le niveau 150 dans le Flyff World Championship 2026.
ACHIEVEMENT_FWC_2026_OVERLORD_NAME,2026 FWC Overlord,Suzerain FWC 2026
ACHIEVEMENT_FWC_2026_OVERLORD_DESC,Reach level 165 in the 2026 Flyff World Championship.,Atteignez le niveau 165 dans le Flyff World Championship 2026.
ACHIEVEMENT_FWC_2026_MASTER_NAME,2026 FWC Master,Maître FWC 2026
ACHIEVEMENT_FWC_2026_MASTER_DESC,Complete all Gear Exchanges in the 2026 Flyff World ,Terminez tous les échanges d’équipement dans le Flyff World Championship 2026.
ACHIEVEMENT_4TH_ANNIV_ATTENDANCE,4th Anniversary Daily Login,Connexion quotidienne pour le 4e anniversaire
ACHIEVEMENT_FWC_2026_GUILDPRIDE_NAME,2026 FWC Guild Pride,Fierté de guilde FWC 2026
ACHIEVEMENT_FWC_2026_GUILDPRIDE_DESC,Special title to commemorate the participation of 2026 FWC Guild Spotlight Video Showcase,Titre spécial commémorant la participation aux vidéos de présentation des guildes de la FWC 2026.
