Key,English,Japanese
TUTORIAL_INTRO,"Hello there, I am #b#cffa0a0ffInfo Pang#nc#nb!\n\nI am your guide to survive in #bMadrigal#nb and I have a lot of useful information.\n\nAre you ready to #blearn the lessons#nb needed to survive in this world?\n\nYou can also check the information that you've learned by using my menu.",やっほ～！ボクは#b#cffa0a0ffインフォファンで～す。#nc#nb\n\n#bマドリガルの世界#nbへようこそっ！この世界で過ごすために必要なことを教えるのがボクの仕事。\n\nボクと一緒に、Flyffワールドで過ごすために#b必要なことを学ぼう♪#nb\n\n学んだ内容も再度確認できるから、思い出せなかったらボクをマウスで右クリックして出るリストの確認メニューを利用してね。
TUTORIAL_MOVE_PLAYER_TEXT,"Let's dive into character movement.\n\n[[You can move your character by using either the Keyboard or the Mouse. Left click with your mouse |#bTap where you want to go#nb]] on the screen, and your character will head there as long as there are no obstacles.[[|\n\nAlternatively, use the #bdirectional pad#nb at the bottom left of the screen.]]\n\n#cffff0000Clearing requirement: Move the character[[ (Mouse)|]]",キャラクターを動かしてみよう！\n\n[[キャラクターの移動には、キーボードとマウスのどちらかを使うんだ。マウスで左クリック|#bTap#nb]]すると、行きたい場所へ移動できるよ。[[|\n\n画面左下にある#bdirectional パッド#nbでも移動ができるよ。便利な時代なんだね～]]\n\n#cffff0000クリア条件: キャラクターを移動する[[ (マウス)|]]
TUTORIAL_MOVE_PLAYER_TITLE,Moving Method,移動方法
TUTORIAL_MOVE_PLAYER_CONTENT,"#b#cff0000ff■ Move[[ using mouse|]]#nb#nc\n[[Click left-mouse on|Touch on the screen]] the spot you want to move.[[\n\n#b#cff0000ff■ Move using keyboard#nb#nc\nYou can move your character by pressing keys below.\nForward : W\nBackward : S\nLeftward : A\nRightward : D\n\n#b#cff0000ff■ Walking#nb#nc\nPress X. If you want to run again, then press X again.|]]\n\n#b#cff0000ff■ Jumping#nb#nc\n[[Press SPACE BAR|Long press on the screen]] when you want to jump.",#b#cff0000ff■ 移動[[マウス|]]#nb#nc\n[[左クリック|画面をタッチ]] して移動したい場所へ進めます。[[\n\n#b#cff0000ff■ キーボード移動#nb#nc\nキーを押せばキャラクターを移動できます。\n前へ進む : W\n後ろへ下がる : S\n左へ走る : A\n右へ走る : D\n\n#b#cff0000ff■ 歩く#nb#nc\nXキーを押せば歩きモードに変更できます。もう1度押せば走るモードに切り替わります。|]]\n\n#b#cff0000ff■ ジャンプ#nb#nc\n[[スペースバーを押す|画面を長押しする]] とジャンプします。
TUTORIAL_MOVE_PLAYER_KEYBOARD_TEXT,"Character movement by Keyboard is as follows.\n\nForward : W\nBackward : S\nTurn Left : A\nTurn Right : D\n\nEasy, huh? Move your character now.\n\n#cffff0000Clear Condition: Move the character(Keyboard)",じゃあ、次はキーボードで移動する方法を教えるね～！キーボードで移動する方法は下にある通りだよ。\n\n前進 : [W]\n後退 : [S]\n左を向く : [A]\n右を向く : [D]\n\n簡単でしょ？やってみよ！\n\n#cffff0000クリアー条件: キャラクター移動(キーボード)
TUTORIAL_WALK_PLAYER_TEXT,"Great job!\n\nBy default, your character runs.\n\n[[Press 'X' if you want to walk. If you want to run, just press 'X' again.\n\n#cffff0000Clearing requirement: Hot Key 'X'|Simply tap the #b'Walk' button#nb at the top of the screen to toggle between walking and running.]]",うんうんうんうんうんうん！いい感じ。\n\n今度は#b歩く、走る#nbを切り替えてみよ！最初は走るモードになっているんだよ～。\n\n[[歩くモードにしたい時は[X]キーを押してね。もう一回[X]キーを押すと戻るよ。やってみて！\n\n#cffff0000クリア条件: Xキーで歩きと走るを切替|#b歩くボタン#nb をタップして歩きと走るを切替]]
TUTORIAL_JUMP_PLAYER_TEXT,"Next up: jumping! To jump, \n\n[[Press the space bar. If you want to jump while moving then press the space bar while moving|either long press anywhere on the screen or tap the #b'Jump' button#nb located at the bottom right of the screen]].\n\n#cffff0000Clearing requirement: Jump[[ (Space Bar)|]]",次は#bジャンプ#nb のやり方。とっても簡単だよ！\n\n[[スペースキー|画面を長押し]]でジャンプ！\n\nもし移動中にジャンプしたいときは、移動してるときに[[スペースキー|画面を長押しか画面の#b右下にあるジャンプボタンをタップ#nb]]！\n\n#cffff0000クリア条件: ジャンプ[[(スペースキー)|]]
TUTORIAL_ROTATE_CAMERA_TEXT,Let’s explore camera control:\n\n[[The camera is handled with the Mouse and Keyboard. Let's go with the Mouse first.\n\nMove the Mouse pointer to where you want to see while holding down right click|#bSwipe your finger#nb across the screen]] to rotate the camera.\n\n#cffff0000Clearing requirement: Rotate the Camera[[ (Mouse)|]],次は#b視点#nbを動かしてみよう！\n\n[[カメラはマウスとキーボード両方で使えるよ！最初はマウスからやってみよう！\nマウスを右クリックしながら向きたい方向に移動|向きたい方に画面を#bフリック#nb]]したら、視点が動くよ！\n\n#cffff0000クリア条件: 視点を移動させる[[(マウス)|]]
TUTORIAL_ROTATE_CAMERA_TITLE,Camera Manage Method,カメラの操作方法
TUTORIAL_ROTATE_CAMERA_CONTENT,"#b#cff0000ff■ Change view[[ with mouse|]]#nb#nc\nYou can view any direction just by [[rotating your mouse while pressing on the right button of the mouse|sliding your finger on the screen]].[[\n\n#b#cff0000ff■ Change view with keyboard#nb#nc\nYou can change view by pressing keys below.\nUp : ↑\nDown : ↓\nLeft : ←\nRight : →|]]\n\n#b#cff0000ff■ For zoom in and out#nb#nc\n[[you can use mouse wheel. Also Page Up, Page Down keys can be used for change view step by step|pinch the screen and spread or bring your fingers together]].",#b#cff0000ff■ [[マウスでの|]]視点変更#nb#nc\n[[右クリックを押しながらマウスを移動|画面をスライド]]することで、好きな方向を見ることができます。[[\n\n#b#cff0000ff■ キーボードでの視点変更#nb#nc\n下にあるキーを押すと、視点が変更できます。\n前 : ↑\n後ろ : ↓\n左 : ←\n右 : →|]]\n\n#b#cff0000ff■ 画面のズームイン、ズームアウト#nb#nc\n[[マウスホイールを使う、もしくは、キーボードのPage Upキー、Page Downキーでも、|2本の指でスマホ画面にタッチして、指の間を近づけたり離したりすることで]]画面のズームイン、ズームアウトができます。
TUTORIAL_ROTATE_CAMERA_KEYBOARD_TEXT,"Let's go through how the camera works with the Keyboard. Here are the keys to press to rotate the camera:\n\nUp: Up Arrow #b↑#nb\nDown: Down Arrow #b↓#nb\nLeft: Left Arrow #b←#nb\nRight: Right Arrow #b→#nb\n\nPretty easy, huh?\n\n#cffff0000Clear Condition: Press an Arrow Key #b↑↓←→#nb",次は、キーボードを使って視点を動かす方法だよ。\n下にある通りにやってみてね。\n\n上 :#b [↑]#nb\n下 :#b [↓]#nb\n左 :#b [←]#nb\n右 :#b [→]#nb\n\n簡単でしょ！分かったかな？\n\n#cffff0000クリア条件: 矢印キー #b↑↓←→#nb
TUTORIAL_ZOOM_CAMERA_TEXT,"How's that? Simple, right? Now, let's tackle zooming.\n\n[[Zooming in and out is possible with the Mouse wheel. It is also possible with the Page Up and Page Down Keys|Pinch to #bzoom out#nb and spread your fingers to #bzoom in#nb]].\n\n#cffff0000Clearing requirement: Adjust the camera zoom",どう？簡単だった？ズームイン・ズームアウトについてもおさらいしよう。\n\n[[マウスホイールを使う、もしくはPage Upキー、Page Downキーでも、|2本の指でスマホ画面にタッチして、#b指の間を近づけたり離したり#nbすることで]]画面のズームイン、ズームアウトができるよ！\n\n#cffff0000クリア条件: カメラズーム
TUTORIAL_ROTATE_PHONE_TITLE,Viewing,Viewing
TUTORIAL_ROTATE_PHONE_CONTENT,[[|#b#cff0000ff■ Portrait and landscape #nb#nc\nRotate your phone to switch between portrait and landscape mode. ]],[[|#b#cff0000ff■ Portrait and landscape #nb#nc\nRotate your phone to switch between portrait and landscape mode. ]]
TUTORIAL_ROTATE_PHONE_TEXT,Awesome!\n\n[[|You can also #brotate#nb your phone to switch between portrait and landscape mode.]],Awesome!\n\n[[|You can also #brotate#nb your phone to switch between portrait and landscape mode.]]
TUTORIAL_OPEN_MENU_TEXT,"Great! [[It's time to learn how to change settings to enjoy the game the best as possible.\n\nSettings are available from the main game menu.\n\nClick on the #bbutton on bottom left#nb of the screen to open the main menu|Next, let's open the #bmain menu#nb.\n\nJust tap the button at the bottom left of the screen]].\n\n#cffff0000Clearing requirement: Open the main menu",その調子！[[もっとゲームを楽しむために、設定変更の紹介をするね。\n「menu」から「設定」を開いてみ\nクリック|#bメニューを開く#nb\n\nをタッチし]]よう。メインメニューが表示されるんだ。\n\n#cffff0000クリア条件: メニュー画面を開く
TUTORIAL_OPEN_OPTION_TEXT,"Now [[click on|tap]] #bOption#nb to access the settings.\n\nHere, you can adjust the #btexture quality, shadows, music volume, language, and more#nb.\n\nOnce finished, hit the #b'Save'#nb button to apply your changes.\n\n#cffff0000Clearing requirement: Open the options window",いいね！次は今のメニューで#bオプション#nbを[[クリック|タッチ]]して開いてみて！\n\nゲームに関するあらゆる設定項目があるんだ。テクスチャ、クオリティ、影、音のボリューム、言語とかね。#nb\n\n設定を変更できたら適用ボタンを押して完了！\n\n#cffff0000クリア条件: オプションウィンドウを開く
TUTORIAL_OPEN_OPTION_TITLE,Settings,設定
TUTORIAL_OPEN_OPTION_CONTENT,"#b#cff0000ff■ Video / Audio tab#nb#nc\nYou can configure texture quality, shadows quality and many other graphical options. Use Save button or your changes will be reset when you close the window. Texture quality and Antialiasing are only applied when saving changes. Antialiasing[[|, Vibrations]] and Fullscreen options are not supported on all devices. All advanced options and high quality settings will consume more energy and Internet bandwidth so consider disabling them if you have a limited Internet connection or experiencing a slow framerate.\n\n#b#cff0000ff■ Game tab#nb#nc\nYou can select the interface language and enable or disable some options relative to your character. Don't forget to save your changes.",#b#cff0000ff■ ビデオ / オーディオ#nb#nc\nテクスチャー、影の品質、その他グラフィックオプションを設定することができます。「適用」を押さずにウィンドウを閉じると、変更内容がリセットされます。 テクスチャ品質とアンチエイリアシングは、変更を保存するときにのみ適用されます。アンチエイリアス[[|、振動]] 、フルスクリーンは対応デバイスのみサポートしています。 高度なオプションと高画質設定は、インターネット帯域幅を多く消費するため、従量制課金接続時や動作が不安定な場合は、これらを低設定、あるいは無効にすることを推奨します。\n\n#b#cff0000ff■ ゲーム設定 #nb#nc\nインターフェイスの言語を選択し、キャラクターに関するオプションを有効・無効にすることできます。変更した内容を保存せずに閉じるとリセットされます。
TUTORIAL_OPEN_MAP_TEXT,"Your adventure takes place in #bMadrigal#nb.\n\n[[Press M key|Tap the #bmini-map#nb]] to check your current location or to view maps of other areas.\n\nTo return to the game, [[press M again|tap the cross button at the top right of the map]].\n\n#cffff0000Clearing requirement: [[Hot Key 'M'|Open the map]]",そうそう、これからきみが冒険する世界は #bマドリガル#nbと呼ぶんだ。\n\n[[Ｍキーを押すと|#bナビゲーター#nbをタッチすると]] 現在地を確認したいときや、他の地域を確認したいときに便利だよ。\n\n[[もう1度Mキーを押すと|地図右上の十字ボタンをタッチすると]] ゲームプレイを再開するよ。\n\n#cffff0000クリア条件: [[Mキーでマップを開く|マップを開く]]
TUTORIAL_OPEN_MAP_TITLE,Map,マップ
TUTORIAL_OPEN_MAP_CONTENT,"#b#cff0000ff■ Whole map#nb#nc\n[[Press M key|Touch World Map in main menu]] to see the continent of Madrigal.\n\n#b#cff0000ff■ Mini-Map#nb#nc\n[[Press N key|Touch cross button]] to hide navigator on right corner. If you want to see it again, [[press N key again|touch Navigator in main menu]].",#b#cff0000ff■ 全体マップ#nb#nc\n[[Mキーを押してマップ|メインメニューのマップを]]開くとマドリガル全体が見れます。\n\n#b#cff0000ff■ ミニマップ#nb#nc\n[[Nキーを押す|×をタップする]]と、右端のナビゲーターが非表示になります。もう1度開きたいときは、[[Nキーを押す|メインメニューからナビゲーターを開く]]ことで表示されます。
TUTORIAL_OPEN_NAVIGATOR_TEXT,Let's go through the Navigator.\nYou can check your location and the surrounding area with the navigator that’s in the upper right part of the screen.\n[[Activate and deactivate the Navigator by pressing 'N'|Use Navigator in main menu to toggle the mini-map]].\n\n#cffff0000Clear Condition: [[Hot Key 'N'|Open the navigator]],ナビゲーターを見てみよう。\n画面右上のナビゲーターで、現在地とその周辺を確認することができるんだよ。\n[[Nキーを押してナビゲーターの表示/非表示してみよう！|メインメニューのナビゲーターで、ミニマップを表示/非表示してみよう！]]\n\n#cffff0000クリア条件: [[Nキーで開く|ナビゲーターを開く]]
TUTORIAL_TALK_LUI_TEXT,Navigating #bMadrigal#nb just got easier!\n\nGo talk to #b#cffa0a0ff[General] Lui#nc#nb in Central Flarine by following the #barrow above your head#nb.\n\nHe seems to have important information for you. Best of luck!,#bマドリガル#nbでは自分だけの世界を楽しめるんだ！\n\nまずは、＜ルイ＞に話しかけてみよう！彼はフラリスの中央広場にいるはずだよ。\n\nきっと何か教えてくれるはずさ。それじゃあ、いい旅にしてねぇ～！
TUTORIAL_START_QUEST_TEXT,"Congratulations on your first quest! Time to explore the #bQuest Diary#nb.\n\nThis diary keeps track of completed quests and those you're currently on.\n\nTo view deatils, [[press 'Q'|tap the #b'Quests'#nb button at the top of the screen]].\n\n#cffff0000Clearing requirement: [[Hot Key 'Q'|Open the Quest Diary]]",さーて、最初のクエスト！ #bデイリークエスト#nb\n\nクエストウィンドウには、これまでにクリアしたクエストと、進行中のクエストの情報が表示されます。\n\nクエストの詳細は、[[Qキーを押す|画面上部の#bクエスト#nb ボタンを押すと]]表示されるよ。\n\n#cffff0000クリア条件: [[Qキーを押す|クエストウィンドウを開く]]
TUTORIAL_START_QUEST_TITLE,Quest Window,クエストダイアリー
TUTORIAL_START_QUEST_CONTENT,#b#cff0000ff■ Quest Window#nb#nc\nThis is where you can see current quest information and the completed quests.[[\nShortcut key is L.|]],#b#cff0000ff■ クエストウィンドウ#nb#nc\n現在のクエスト情報やクリアしたクエストを確認することができます。[[\nLキーで確認|]]
TUTORIAL_MOTION_TEXT,Looking to express yourself?\n\n[[Press 'O'|Tap the Emotes button on the left]] to unveil a range of #bemoticons and expressions#nb. Give it a go.\n\n#cffff0000Clearing requirement: [[Press 'O'|Open the Emotes window]],なにかをアピールしたいときは、#bモーション#nbを使ってみよう。\n\n[[Oキーを押す|左のモーションボタンをタッチする]]と、色んな顔文字や表情のウィンドウが表示されて面白いよ！ねぇ今どんな気持ち？\n\n#cffff0000クリア条件: [[Oキーを押す|モーションウィンドウを開く]]
TUTORIAL_MOTION_TITLE,Emotion Expression,モーション、エモーション
TUTORIAL_MOTION_CONTENT,"#b#cff0000ff■ Emotion Expression#nb#nc\nYou can use this to express your emotion to other players. There are many emoticons and icons for expression various emotions, so you should try to use it.[[\nShortcut key is O.|]]",#b#cff0000ff■ エモーション#nb#nc\n自分の感情を他のプレイヤーに表現できます。 エモーションはさまざまな感情を顔文字で表現できます。[[\nOキーで開く|]]
TUTORIAL_CHAT_TEXT,Ready to chat with others?\n\n[[Press ENTER|You can tap the #bChat#nb preview at the bottom]] to open the chat window.\n\nMessage in Normal chat are visible to nearby players.,どうやってチャットするの？\n\n[[エンターキーを押す|画面下の#bチャット#nbをタッチする]] と入力ができます。\n\n通常のチャットは、#b周囲のプレイヤー#nbに聞こえます。
TUTORIAL_CHAT_TITLE,Chat Method,チャット形式
TUTORIAL_CHAT_CONTENT,#b#cff0000ff■ Normal Chat#nb#nc\nYou can only talk to players near by you. The way you talk is press Chat button on chat window.\n\n#b#cff0000ff■ Shout#nb#nc\nYou can talk to players who are in broad range. They way you shot is add #cffff0000/s #nc on front of the words that you want to say.\n\n#b#cff0000ff■ Party Chat#nb#nc\nYou can use it when you are in a party. The way you talk is add #cffff0000/p #nc on front of the wards that you want to say.\nYou can use Troupe button on the chat window.\n\n#b#cff0000ff■ Whisper#nb#nc\nYou can send message to certain player. The way you do it is add #cffff0000/w character name #nc.\nYou can use Whisper button on the chat window.\n\n#b#cff0000ff■ Guild Chat#nb#nc\nYou can use it when you are in a guild. The way you talk is add#cffff0000/g #nc.\nYou can use Guild button on the chat window.\n\n#b#cff0000ff■ System Message#nb#nc\nAll of the messages except chat message display in system window.To check press SYSTEM button on the chat window.\n\n#b#cff0000ff■ Filter Function#nb#nc\nYou can see the chat that you want to see. The way you do is press Filter button.,#b#cff0000ff■ 一般チャット#nb#nc\n自分の周りにいるキャラクターだけに発言することができます。チャットウィンドウの[Chat]ボタンを選択している状態だと一般チャットで話すことができます。\n\n#b#cff0000ff■ 叫びチャット#nb#nc\n一般チャットよりも広い範囲にいるキャラクターに発言できます。叫びチャットで発言したい場合は、言葉の前に#cffff0000/s#nc をつけてください。\nチャットウィンドウの[Shout]ボタンを選択している状態ならコマンド入力なしでそのまま発言できます。\n\n#b#cff0000ff■ パーティーチャット#nb#nc\nパーティーに入っている時だけ使用できます。発言したい言葉の前に#cffff0000/p#nc をつけて発言してください。\nチャットウィンドウの[Troupe]ボタンを選択している状態ならコマンド入力なしでそのまま発言できます。\n\n#b#cff0000ff■ ささやきチャット#nb#nc\n特定のキャラクターだけにメッセージを送ります。発言したい言葉の前に#cffff0000/w 相手の名#ncをつけて発言してください。\nチャットウィンドウの[Whisper]ボタンを選択している状態ならコマンド入力なしで発言できます。\n\n#b#cff0000ff■ ギルドチャット#nb#nc\nギルドに所属時だけ使用できます。発言したい言葉の前に#cffff0000/g#ncをつけて発言してください。\nチャットウィンドウの[Guild]ボタンを選択している状態ならコマンド入力なしでそのまま発言できます。\n\n#b#cff0000ff■ システムメッセージ#nb#nc\nチャットのメッセージ以外の全てのメッセージはシステムウィンドウに表示されます。システムウィンドウはチャットウィンドウの[SYSTEM]ボタンをクリックすると表示されます。\n\n#b#cff0000ff■ フィルター機能#nb#nc\n選択しているチャットボタンのウィンドウで表示するチャットの種類を制限することができます。チャットウィンドウの各ボタンを選択して[Filter]ボタンをクリックします。チャットフィルターウィンドウが開くので、非表示にしたい項目のチェックをはずすと、その項目のチャットが表示されなくなります。
TUTORIAL_SHOUT_TEXT,"Mastering the Shout:\n\nShouting broadcasts your message to a #bbroader audience#nb than normal chat.\n\nTo shout, prefix your message with#cffff0000/s#nc. Remember, players won't see your shouts until you reach level 20.\n\n#cffff0000Clearing requirement: Use the shout ('/s') chat.",叫びについて学ぼう\n\n叫びは通常のチャットより#b遠くのプレイヤー#nbに聞こえます。\n\nチャットの最初に、#cffff0000/s#nc を入力することで使用できます。レベル20になるまで、他のプレイヤーからは見えないから、好きな言葉を叫んでみて。「フリフ最高ッ！」\n\n#cffff0000クリア条件: 叫び (/s) チャットする
TUTORIAL_PARTY_CHAT_TEXT,"About the #bParty chat#nb:\n\nStart your message with #cffff0000/p#nc to only discuss with players in your party.\n\nRemember, party chat is exclusive to party members.",ちゃんと覚えられてるかな？次はパーティーのチャットについて教えるね。\n\nパーティーのチャットは自分がパーティーに入っている時だけ使えるよ。\n\nパーティーチャットと使う時は、自分が話したい内容の前に、#cffff0000/p#ncを付けて話すだけ！とっても簡単でしょ？
TUTORIAL_WHISPER_CHAT_TEXT,Need to message someone directly? Try #bWhisper#nb.\n\nType\n#cffff0000 /w CharacterName\n#nc before your message to whisper to a specific player.,特定のプレイヤー1人に対してチャットを送りたいときは、#bウィスパー#nbを使おう。\n\n以下を入力\n#cffff0000 /w 名前 送りたい文章\n#nc送りたい文章の前に入力することで送れるんだ。
TUTORIAL_GUILD_CHAT_TEXT,Add #cffff0000/g#nc before your message to chat with your guild members only.,あと、自分がギルドに入っているとギルドメンバーだけにメッセージを伝えられる「ギルドチャット」があるよ。\n\nギルドチャットは、自分が話したい内容の前に、#cffff0000/g#ncをつけるだけ。ギルドに入ったらギルドメンバーとたくさん話して、早く仲良くなれるといいね♪
TUTORIAL_SYSTEM_CHAT_TEXT,System messages are shown in a seperate chat window.\n\n[[Click|Tap]] the SYSTEM button in the chat window to view them.,チャット以外のメッセージは、#bシステムウィンドウ#nbに表示されます。\n\n[SYSTEM]ボタンを[[クリック|タッチ]]して確認ができるから見てみてね。
TUTORIAL_FILTER_CHAT_TEXT,"To see only the messages you're interested in, simply select a tab, [[click|tap]] the #bFilter#nb button, and edit your perferences. The rest will be filtered out.",必要なチャットのみ表示したい場合は、#bFilter#nbから選択してみてね。\n\nチャットカテゴリをフィルターで選択すると、一部のチャットを除外することができるよ。
TUTORIAL_INVENTORY_TEXT,You got your #bfirst weapon#nb!\n\nLet's go through item equipment by [[pressing 'I'|touching Inventory in the bottom]].\n\n#cffff0000Clear Condition: [[Hot Key 'I'|Open inventory]],#b最初の武器#nbをみてみよう！\n\nさっそくインベントリを確認してみよ～！[[Iキーを押す|下にあるインベントリボタンをタップ]]\n\n#cffff0000クリア条件: [[Iキーで開く|インベントリを開く]]
TUTORIAL_EQUIP_TEXT,[[Double click|Touch]] an item you want to equip [[or drag it to the spot you want to equip|and then touch the #bEquip#nb button]].\n\n#cffff0000Clear Condition: Equip an item,装備したいアイテムを[[ダブルクリックするか、装備したい場所にドラッグしてみて。|タップして、#b装備#nbボタンをタップしてみて。]\n\n#cffff0000クリア条件: アイテムを装備
TUTORIAL_UNEQUIP_TEXT,Now double [[click again|tap]] on the item in #bequipment view#nb to unequip it.\n\n#cffff0000Clear Condition: Unequip an item,#b装備したアイテム#nbをダブル [[クリック|タップ]] すると、装備したアイテムが解除されるよ。\n\n#cffff0000クリア条件: 装備を解除する
TUTORIAL_INVENTORY_TITLE,Inventory,インベントリ
TUTORIAL_INVENTORY_CONTENT,"#b#cff0000ff■ At the top of the Inventory window,#nb#nc\nyou can see the items your character has equipped. At the bottom, you can see the items and Penya in your inventory. To equip an item, double-[[click|tap]] it or drag it to the appropriate slot.[[\nHotkey: I|]]",#b#cff0000ff■ インベントリの整理#nb#nc\n 装備しているアイテムを確認できます。下には所持金（ペニャ）が表示されます。アイテムを装備するときは、アイテムをダブル[[クリック|タップ]]するか、装備欄にドラッグしてください。[[\nIキーで開く|]]
TUTORIAL_TASKBAR_TEXT,Well done! Let's learn about the #bQuick Slot#nb located [[on the left|in many places]] of your screen.\n\nYou can put #bitems or skills#nb into it so you can use them quickly. [[1 - 0 can be used as hotkeyes.\nYou can also use keys F1-F9 to cycle through your Quick Slot bars.|#bKeep your finger pressed#nb on an item to drag it to the Slot of your choice.]]\n\n#cffff0000Clear Condition: Drag an item to Quick Slot,いい感じだね！次は画面[[左|各場所]]にあるクイックスロットについて説明するよ。\n\nアイテムやスキルをクイックバーにセットしておくと、すぐに使うことができるようになるんだ。[[1～0にセットできるよ。\nそれと、設定すればF1～F9キーもクイックスロットバーに使えるんだ。|アイテムを選んで#b指を置いたまま#nb 好きなスロットにドラッグするとセットが完了～！]]\n\n#cffff0000クリア条件: アイテムをクイックスロットにセットする
TUTORIAL_TASKBAR_TITLE,Quick Slot,クイックスロット
TUTORIAL_TASKBAR_CONTENT,#b#cff0000ff■ Quick Slot#nb#nc\nYou can put items or motions that you want to use quickly[[ in 1~0 slots and there are also expansion slot of F1~F9|]].,#b#cff0000ff■ クイックスロット#nb#nc\n使いたいアイテムやモーションを置くとすぐに使うことができます。[[ 1～0とF1～F9のキーが使えます。|]]
TUTORIAL_CHARACTER_TEXT,The #bCharacter#nb window displays information about your character.\n\n[[Press 'H'|Touch Character in main menu]] to view this window.\n\n#cffff0000Clear Condition: [[Hot Key 'H'|Open Character window]],#bキャラクター#nbの詳細が確認できるウィンドウだよ。\n\n[[Hキーを押すと|メインメニューのキャラクターをタップする]] と開けるよ。\n\n#cffff0000クリア条件: [[Hキーを押す|キャラクターウィンドウを開く]]
TUTORIAL_CHARACTER_TITLE,Character Window,キャラクターウィンドウ
TUTORIAL_CHARACTER_CONTENT,#b#cff0000ff■ Character Window#nb#nc\nYou can see all information of your character. You can also increase ability stat with Stat Points.[[\nShortcut key is H.|]],#b#cff0000ff■ キャクラターウィンドウ#nb#nc\n自分のキャラクターの詳細情報を見ることができます。また、ステータスの割り振りもできます。[[\nHキーで開く|]]
TUTORIAL_STAT_TEXT,You can also distribute #bStat Points#nb you have gained by leveling in #bDetail tab#nb.\n\nUse #bApply#nb button to confirm changes.\n\n#cffff0000Clear Condition: Distribute Stat Points,#b詳細タブ#nbではレベリングで獲得した#bステータスポイント#nbを分配できるよ。\n\n適用ボタンを押すと、分配されたステータスが確定するんだ。\n\n#cffff0000クリア条件: ステータスポイントを分配
TUTORIAL_CHANGEJOB_TEXT,"Hi, there. I am #b#cffa0a0ffInfo Pang#nc#nb ^^\n\nYou can transfer your job to #bMercenary#nb, #bMagician#nb, #bAcrobat#nb, or #bAssist#nb when you reach level 15.\n\nYou need to complete the #bjob transfer quest#nb by talking to the #b#cffa0a0ffJob Drillmaster#nc#nb in #bEastern Flarine#nb.",やっほ～ #b#cffa0a0ffインフォファン#nc#nb だよ～！\n\nレベル15に到達すると、#bマーシナリー#nb、#bマジシャン#nb、#bアクロバット#nb、#bアシスト#nb へ転職ができるようになるんだ。#bフラリス東広場#nb にいる、#b#cffa0a0ffなりたい職業の訓練所教官#nc#nb へ話しかけて、#b転職クエスト#nbをクリアしてね！
TUTORIAL_FLY_TEXT,"Now you have reached the level to fly. Let me teach you #bhow to fly#nb!\n\nYou will first need to purchase a board or a broom to #b#cffa0a0ff(Station) Tina#nc#nb in Flarine and equip the item.\n\nThen [[press the Space bar|touch the #bSTART button#nb in bottom right of the screen]] to increase speed, and [[press Space bar|touch it]] again to decrease speed.\n\n[[Move your Mouse cursor while holding down the right button|Touch your character and #bslide your finger#nb or use the #bdirectional pad#nb]] to fly in that direction.\n\n[[When using the keyboard the W, A, S, D keys will move you.|You can also control your flight by #brotating your device#nb if device motion is supported. Use the button on top of the screen to toggle Device Motion.]]",おめでと～！空が飛べるようになったよ！さっそく#b飛ぶ方法#nbを教えるね～！\n\nフラリスの#b#cffa0a0ff＜ステーション ティナ＞#nc#nbからボードかほうきを購入し、アイテムを装備するところからだね。\n\n飛行アイテムに乗ったら、[[スペースバーを押すと出発進行～！|画面右下の#bSTART#nbを押すと出発進行～！]]止まるときはもう1度、[[スペースバーを押すんだ。|タップするんだ。]]\n\n[[右クリックしたままマウスカーソルを移動させると|キャラクターをタッチして#b指をスライド#nbさせるか、#b方向パッド#nbを使うと]] 行きたい方向を変えられるよ。\n\n[[キーボードのときはW、A、S、Dを使うんだ。|デバイスがジャイロスコープに対応している場合は、#bデバイスを回転させて#nb飛行をコントロールすることも可能だよ。画面上部のボタンでデバイスモーションを切り替えてね。]]
TUTORIAL_GUILD_TEXT,"A #bGuild#nb is a bigger community than a Party and can be created by the #b#cffa0a0ff[Public Office] Helena#nc#nb when you reach level 40.\n\nEach tab's details are as follows:\nInfo tab provides general info about the guild and notice, \nMember tab manages Guild members.\n\n#cffff0000Clear Condition: [[Hot Key 'G'|Open Guild window]]",#bギルド#nbは、パーティよりも大きなコミュニティで、レベルが40になって#b#cffa0a0ff＜ヘレナ＞#nc#nbのクエストをクリアすると結成できるだ！\n\n各タブの紹介をするね。\n情報タブでは、ギルドの情報とお知らせが確認できるんだ。\nメンバータブでは、ギルドメンバーの管理や確認ができるよ。\n\n#cffff0000クリア条件: [[Ｇキーを押す|ギルドウィンドウを開く]]
TUTORIAL_MESSENGER_TEXT,You can use #bMessenger#nb Window to check your friends' online status and chat with them. Remember to add your #bfriends#nb to the messenger.,さあ、次は#bメッセンジャー#nbだよ！\n\n[[Eキーを押すと、|メインメニューからメッセンジャーをタップすると、]]メッセンジャーウィンドウが開くんだ。\n\nフレンドみんなの接続状況が一目でわかるし、1対1のチャットもできちゃうんだ。\n\n近くに#bフレンド#nbはいるかな？ねぇ、追加してみようよ！\n\n#cffff0000クリア条件: [[Eキー|メッセンジャーウィンドウを開く]]
TUTORIAL_MESSENGER_TITLE,Messenger,メッセンジャー
TUTORIAL_MESSENGER_CONTENT,"#b#cff0000ff■ Messenger#nb#nc\nYou can check for log in status of registered players, channel and you can use chat easily. To register player [[click on|touch]] + button on the messenger window, then enter the character name that you want to register.[[\nShortcut key is E.|]]",#b#cff0000ff■ メッセンジャー#nb#nc\n登録したプレイヤーのログイン状態やチャンネルを確認したり、チャットを簡単に利用することができます。メッセンジャーウィンドウの＋ボタンをクリックし、登録したいキャラクター名を入力すると登録できます。[[\nショートカットキー E|]]
TUTORIAL_TRADE_TEXT,"You can use #b1 on 1 trade#nb to exchange items and Penya. Simply [[Left click on a|tap on another]] player, and select #b'Trade'#nb from the menu.",#b1対1のトレード#nbについて学ぼう。ペニャやアイテムを交換するときに使えるんだ。\n\nプレイヤーを[[左クリック|キャラクターをタップ]]して、#bトレード#nbを [[クリック|タップ]]。
TUTORIAL_TRADE_TITLE,Trade,トレード
TUTORIAL_TRADE_CONTENT,"#b#cff0000ff■ 1:1 Trade#nb#nc\nIt is a method of trade when you give and take items or Penya with other character. [[#cffff0000Left click#nc on other|#cffff0000Touch#nc another]] character and choose Trade menu. It will ask other character if he wants to trade.\n\n#b#cff0000ff■ Private shop#nb#nc\nYou can sell your items to other players. When you [[press|touch]] Start button, menu will show and when you choose private shop, private shop window will show. You can register name of shop and the items you want to sell then [[click|touch]] OK button to start the private shop. If NPC is placed near by you, private shop will not open.",#b#cff0000ff■ 1対1の取引（トレード）#nb#nc\n取引は、他のプレイヤーとアイテムやペニャをトレードするシステムです。他のプレイヤーを[[#cffff0000左クリック#nc|#cffff0000タップ#nc]] し、取引を申し込めます。相手の承認があれば取引が開始します。\n\n#b#cff0000ff■ プライベートショップ（個人商店）#nb#nc\n他のプレイヤーにアイテムを売ることができます。[[menuボタンを押し|Startボタンをタップし]]、メニューから＜個人商店＞を選ぶとウィンドウが表示されます。商店名とアイテムを登録し、OKボタンを[[クリック|タップ]]すると、個人商店の販売が開始します。 近くにNPCがいる場合は、開くことができません。
TUTORIAL_PRIVATE_SHOP_TEXT,Got items you don't need? Start a #bprivate shop#nb and sell them to other players!\n\n[[Click the Menu button and click Private Shop in the menu|Tap the Private Shop button at the top]].\n\n#cffff0000Clearing requirement: Open the Private Shop window,捨てる前にちょっとまって！！そのアイテム、#b個人商店#nbで他のプレイヤーに売ってみない？もしかしたら高値かも\n\n[[menuから|Startボタンから]]個人商店を選択してみて。\n\n#cffff0000クリア条件: 個人商店ウィンドウを開く
TUTORIAL_CHARACTER_MENU_TEXT,"[[Left click on|Tapping on]] another player brings up a #bcontextual menu#nb.\n\nOptions include Trade, Add to messenger, Party Invite, Guild Invite, Follow, Duel, and Cheer. \n\nAttack is also available in PK channels.",他のプレイヤーを[[左クリック|タップ]]するとメニューが開くんだ。\n\nトレード、フレンド追加、パーティー招待、ギルド招待、デュエル申請、応援ができるよ。\n\nPKチャンネルなら攻撃もできちゃうから気を付けてね。
TUTORIAL_CHARACTER_MENU_TITLE,Character Menu,キャラクターメニュー
TUTORIAL_CHARACTER_MENU_CONTENT,"#b#cff0000ff■ Character Menu#nb#nc\nWhen you [[#cffff0000Left click#nc to other|#cffff0000Touch#nc another]] character, variety of menu will show. Trade, Add to messenger, Invite to party, Follow, View equipment and Aid will be in the menu, so use it when you need it.",#b#cff0000ff■ キャラクターメニュー#nb#nc\n他のプレイヤーを[[#cffff0000左クリック#nc|#cffff0000タップ#]]すると、多彩なメニューが表示されます。 トレード、フレンド追加、パーティー招待、追尾、装備を見る、応援ができます。 装備を見たい場合には、相手が許可している必要があります。
TUTORIAL_SKILL_WINDOW_TEXT,You unlocked your #bfirst skill#nb!\n\n[[Press 'K'|Touch Skills in main menu]] to open #bSkill tree#nb window.\n\n#cffff0000Clear Condition: [[Hot Key 'K'|Open Skill window]],#b初めてのスキル#nbをアンロック！\n\n[[Kキーで|メインメニューのスキルをタッチして]]#bスキルツリー#nbウィンドウを開こう\n\n#cffff0000クリア条件: [[Kキーで開く|スキルウィンドウを開く]]
TUTORIAL_SKILL_POINT_TEXT,Now [[click on|touch]] the icon of #b#cff2fbe6dClean Hit#nc#nb skill.\n\nUse #b+ button#nb to attribute skill points to the skill and #bFinish#nb button to confirm changes.\n\n#cffff0000Clear Condition: Use skill points,次は#b#cff2fbe6dクリーンヒット#nc#nbのアイコンを[[クリック|タッチ]]してどんなスキルか確認しよう。\n\n#b+ボタン#nbでスキルレベルを上げ、#b完了#nbボタンで確定してみよう。\n\n#cffff0000クリア条件: スキルポイントを使う
TUTORIAL_USE_SKILL_TEXT,You are now ready to #buse the skill#nb.\n\nDrag the #b#cff2fbe6dClean Hit#nc#nb icon to #bQuick Slot#nb.\n\n[[Click on|Touch]] a monster you want to #battack#nb and [[click on|touch]] the skill icon to trigger it.\n\n#cffff0000Clear Condition: Use a skill,よっし！#bスキルが使える#nbようになったよ！\n\n#b#cff2fbe6dクリーンヒットスキル#nc#nbのアイコンを#bクイックスロット#nbにセットしよう！\n\n攻撃するモンスターを[[クリック|タップ]] して、スキルアイコンを[[クリック|タップ]]して#b攻撃#nbしてみよう！\n\n#cffff0000クリア条件: スキルを使う
TUTORIAL_INSERT_SKILL_COMBO_TEXT,You unlocked your #bsecond skill#nb.\n\nYou can use the #b[[Action Slot|Combo Bar]]#nb to trigger a sequence of skills.\n\n[[Double click on a skill icon in Skill tree window or drag it to the Action Slot to append a skill to the Action Slot.|Touch #bAdd to Combo#nb button in the Skill window to append a skill to the combo bar.]]\n\n#cffff0000Clear Condition: Append a skill to [[Action Slot|Combo Bar]],#bスキル#nbをアンロックしたね！\n\n#b[[アクションスロット|コンボバー]]#にセットすると連続でスキルを発動できるんだ！\n\n[[スキルウィンドウでスキルアイコンをダブルクリックするか、右下のアクションスロットにドラッグするとアクションスロットにスキルがセットされるよ。|スキルウィンドウの#bコンボを追加#nbボタンをタップすると、コンボバーに追加されるよ。]]\n\n#cffff0000クリア条件: [[アクションスロット|コンボバー]]にスキルを追加する
TUTORIAL_USE_SKILL_COMBO_TEXT,[[Click on the S icon on left of Action Slot to trigger the sequence of skills. You can also use 'C' shortcut key.|Touch the #bCombo#nb button to trigger the sequence of skills.]]\n\n#cffff0000Clear Condition: Use [[Action Slot|Combo Bar]],[[アクションスロットの左にあるSアイコンをクリックすると、連続したスキルが発動するよ。ショートカットはCキーだから使い分けてみて！|#bコンボ#nbボタンをタップで一気にスキルをコンボ攻撃だっー！]]\n\n#cffff0000クリア条件: [[アクションスロット|コンボバー]]を使う
TUTORIAL_STATUS_TEXT,"Leaving the town? You are going to #bfight monsters#nb!\n\nIf you want to check the #bstatus#nb of your character [[press 'T' to view the status window|just look at the top left part of the screen]].\n\nYou will see info such as #bHP, MP, FP, and Exp#nb.[[\n\n#cffff0000Clear Condition: Hot Key 'T'|]]",街から離れるの？#bモンスターと戦う#nbってことだよね！？\n\nキャラクターの状態を、[[Tキーで開いて|画面の左上で見て]]#bステータス#nbをしっかり確認してからにしてよね。\n\n今の#bHP、MP、FP、経験値#nbが表示されているよ。回復アイテムを忘れないでね。[[\n\n#cffff0000クリア条件: Tキーで開く|]]
TUTORIAL_STATUS_TITLE,Status Window,ステータスウィンドウ
TUTORIAL_STATUS_CONTENT,"#b#cff0000ff■ Status Window#nb#nc\nYou can check HP, MP, FP, Exp of your character.[[\nShortcut key is T.|]]",#b#cff0000ff■ ステータスウィンドウ#nb#nc\n現在のHP、MP、FP、獲得経験値が確認できます。[\nショートカットキーT|]]
TUTORIAL_PARTY_MEMBER_TEXT,Is it tough to hunt alone? Then #bmake a party#nb with others.\n\nIt will be easier for you to kill boss monsters together with your party members.\n\nUse\n#cffff0000/partyinvite CharacterName\n#ncto invite a party member.\n\nYou start with a basic party and it will level the longer you continue to hunt together.,1人じゃ狩りは不安そうだね。他のプレイヤーと#bパーティ結成#nbをして挑戦したらどうかな？このボクが手伝ってやらないでもないんだからねっ!!\n\nパーティメンバーと一緒ならボス級のモンスターだってきっと楽勝だよ！\n\n使い方\n#cffff0000/partyinvite キャラクター名\n#ncすると、コマンドでパーティーメンバーを招待できるよ。\n\n最初は基本的なパーティー（ベーシックパーティー）で、一緒に狩りを続けることでパーティーレベルアップしていくよ。
TUTORIAL_PARTY_TEXT,You can check information about your Party in the party window by [[pressing 'P'|touching #bParty#nb on the left]].\n\nYou can check your party member's level and class.\n\n#cffff0000Clear Condition: [[Hot Key 'P'|Open Party window]],[[Pキーで開い|左にある#bパーティ#nbをタップし]]てすると、パーティーウィンドウでパーティーメンバーの情報を確認することができるよ。\n\nパーティメンバーのレベルやクラスを確認してみよう。\n\n#cffff0000クリア条件: [[Pで開く|パーティウィンドウを開く]]
TUTORIAL_PARTY_TITLE,Party,パーティ
TUTORIAL_PARTY_CONTENT,"#b#cff0000ff■ Party#nb#nc\nA Party is a group consisting of at least 2 players. Players in a Party can attack the same monster and pick-up each others items. Players near each other share the Exp points gained from defeated monsters. Item and Exp distribution can be adjusted by the Party Leader.\n Slaying monsters together levels the Party. Once the Party Level hits level 10, it can be changed into an Advanced Party to bestow special skills on the Party Leader.\n You can invite other players into your party by [[rightclicking|touching]] their character and choosing #iInvite to Party#ni, or by typing #cffff0000/partyinvite [character name]#nc in chat.\n \n #b#cff0000ff■ Party window#nb#nc Here you can see information about the Party Members, as well as Party Settings.[[\n Shortcut key is P.|]]",#b#cff0000ff■ パーティ#nb#nc\nパーティは、少なくとも2人からなるものです。 パーティーを組んだプレイヤーは、同じモンスターを攻撃したり、お互いのアイテムを拾ったりすることができます。モンスターを倒した際に得られる経験値を近くにいるパーティーメンバー同士で分け合うことができます。 アイテムや経験値の配分方式は、パーティーリーダーによって変更することができます。\n 共にモンスターを倒すと、パーティーのレベルが上がります。パーティーのレベルが10になると、アドバンスパーティーへ変更が可能になり、リーダーが使用できるパーティ専用スキルが付与されます。\n 他のプレイヤーを招待したい場合は、招待したいプレイヤーを [[右クリックして|タップして]] #iパーティーへ招待#niするか、チャットで#cffff0000/partyinvite キャラクター名#ncと入力して招待ができます。\n \n #b#cff0000ff■ パーティーウィンドウ#nb#nc パーティーメンバーに関する情報や、パーティーの設定が表示されます。[[\n ショートカットキーP|]]
TUTORIAL_FIGHT_TEXT,You have everything to #bfight#nb now!\n\n[[Click on|Touch]] a monster to select it. Then [[click on|touch]] it again to start attacking. Don't forget to use #bfood items#nb to recover your hit points when your HP bar is low or you will #bdie#nb.\n\n[[Click on|Touch]] the ground if you want to #bcancel an attack#nb. Good luck!,弱肉強食！#b戦う#nbことも覚えておこう！\n\nモンスターを[[クリック|タップ]] すると、モンスター名が表示されて、 もう1度 [[クリック|タップ]] すると、攻撃が開始するんだ。キャラクターのHPが少なくなったら#b回復アイテム#nbを使わないと#b死んでしまう#nbから気を付けるんだ。しんでしまうとはなさけない！\n\n#b攻撃をキャンセルしたいときは地面を#nb[[クリック|タップ]]してね。戦闘には十分お気をつけて！
CLIENT_GUIDE_INC_000031,"You gain 1 Cheer Point for every hour you play Flyff.\nTo cheer another player, select their character and click the Cheer icon in the Emotes window (Hotkey: O). You can also click a nearby character and select Cheer from the interaction menu.\nCheered characters receive +5% EXP for 10 minutes.",この世界で過ごす時間が1時間経過する度に、応援ポイントをもらえるんだ。\n他のプレイヤーを選択して、モーションウィンドウ(短縮キー[O]キー)にある応援アイコンを左クリックするか、[Alt]キーを押しながら左クリックで表示されるメニューで「応援する」を選ぶと応援することができるよ。\n応援されたプレイヤーは10分間経験値が5%アップするよ。
CLIENT_TUTORIAL_TITLE_000016,Cheer,応援
CLIENT_TUTORIAL_CONTENT_000016,"#b#cff0000ff■ Cheer#nb#nc\nYou gain 1 Cheer Point for every hour you play. To cheer other player, select their character and click the Cheer icon in the Emotes window (Hotkey: O). You can also click a nearby character and select Cheer from the interaction menu. Cheered characters receive +5% EXP for 10 minutes.",#b#cff0000ff■ 応援#nb#nc\nゲーム接続時間が1時間経過するたびに、応援ポイントがもらえます。他のプレイヤーを選択して表示されるメニューの「応援」を使うか、モーションウィンドウ(ショーットカット: Oキー)の「応援」アイコンを使って応援できます。応援されたプレイヤーは10分間経験値が5%増加します。
CLIENT_GUIDE_INC_000028,"Not enough space in your inventory? Don't worry.\nYou can use your Bank by talking to the [Public Office] NPC in each town. Make sure to click Deposit from the NPC menu.\nYou can meet the NPC in Flaris by heading south, Julia is next to the mail box.\n\n#cffff0000Clear Condition: Open Bank Window",インベントリにアイテムがいっぱいになっちゃった時は、慌てないで。\n各街にいるシティホールのNPCに話しかけると銀行を利用することができるよ。シティホールNPCを左クリックしてメニューが出たら、「保管」を選んで暗証番号を設定してね。暗証番号を忘れちゃうと銀行を利用できなくなるから注意してね！\nフラリスのシティホールNPCジュリアは中央広場のメールボックスの横にいるよ。早速会いに行ってみよう！\n\n#cffff0000クリア条件: 銀行ウィンドウを開く
CLIENT_TUTORIAL_TITLE_000013,Deposit Method,銀行について
CLIENT_TUTORIAL_CONTENT_000013,#b#cff0000ff■ Bank#nb#nc\nYou can use bank by clicking on public office NPC in each village. Click on deposit menu from public office NPC.,#b#cff0000ff■ 銀行#nb#nc\n各街のシティホールのNPCに話しかけるとアイテムなどを保管できる「銀行」が利用ができます。フラリスでは、中央広場にNPC[シティホール]ジュリアがいるので、話しかけたら「保管」メニューを選択してください。
TUTORIAL_QUEST_BEGIN,You have a new quest!\n\nTalk to #b#cffa0a0ff%s#nc#nb to start the quest #b%s#nb!\n\nCheck the map and follow the #barrow on top of your head#nb.,新しいクエストだよ！\n\n最初は#b#cffa0a0ff%s#nc#nbに話しかけて#b%s#nbのクエストスタート！\n\nマップもチェックしながら、頭の上に表示されている矢印の方向へ全力で向かおー！
TUTORIAL_QUEST_END,Great work! You've completed the #b'%s'#nb quest!\n\nNow speak to #b#cffa0a0ff%s#nc#nb to #bcollect your rewards#nb and carry on with your adventure.\n\nConsult the map and #bfollow the arrow#nb above you to find your way.,いいね！ #b%s#nbのクエストが完了したよ～！\n\nじゃあ、#b#cffa0a0ff%s#nc#nbに話しかけて報酬をしっかりもらっておこう！\n\nマップを確認しながら#b頭上に表示されている矢印の方向へ#nb進んでみて
TUTORIAL_QUEST_KILL,This quest requires you to kill #b#cffc32f07%dx#nc %s#nb!\n\nCheck the map and follow the #barrow on top of your head#nb to reach them.,次に与えられたクエストは、#b#cffc32f07%dを#nc %s#nb体討伐するクエストだね！\n\nマップを確認しながら、#bキャラ頭上にある矢印の方向へ#nb進んでみよう。
TUTORIAL_QUEST_ITEM,This quest requires you to gather #b#cffc32f07%dx#nc %s#nb!\n\nCheck the map and follow the #barrow on top of your head#nb to reach the area.\n\nThen find and #b[[click on|touch]] the items#nb to pick them from the ground.,これは#b#cffc32f07%dを#nc %s個#nb集める収集クエストのようだね。\n\n地図を確認しながら、頭上の矢印の方向へ進んでみよう。\n\nアイテムを見つけたら、アイテムを#b[[クリック|タッチ]]して拾うことができるよ。
TUTORIAL_QUEST_BOOTY,This quest requires you to collect #b#cffc32f07%dx#nc %s#nb from #b%s#nb!\n\nCheck the map and follow the #barrow on top of your head#nb to reach the area.\n\nThen #bdefeat the monsters#nb to collect the items.,これは#b#cffc32f07%dを#nc%s個#nb#b%s#nbから集めるクエストのようだね。\nマップを確認しながら、頭上にある矢印の方向へ進んでみよう！\n\n#b対象のモンスター#nbをさっそく倒してアイテム集めだ！
