Key,English,Russian
TUTORIAL_INTRO,"Hello there, I am #b#cffa0a0ffInfo Pang#nc#nb!\n\nI am your guide to survive in #bMadrigal#nb and I have a lot of useful information.\n\nAre you ready to #blearn the lessons#nb needed to survive in this world?\n\nYou can also check the information that you've learned by using my menu.","Привет! Я - #b#cffa0a0ffПингвид#nc#nb, пингвин-гид.\n\nЯ помогу тебе освоиться в #bМадригале#nb и многому научу.\n\nНу что, готов к #bважным урокам#nb выживания в этом мире?\n\nЕсли что-нибудь будет непонятно, скажи мне, и я объясню еще раз."
TUTORIAL_MOVE_PLAYER_TEXT,"Let's dive into character movement.\n\n[[You can move your character by using either the Keyboard or the Mouse. Left click with your mouse |#bTap where you want to go#nb]] on the screen, and your character will head there as long as there are no obstacles.[[|\n\nAlternatively, use the #bdirectional pad#nb at the bottom left of the screen.]]\n\n#cffff0000Clearing requirement: Move the character[[ (Mouse)|]]","Let's dive into character movement.\n\n[[You can move your character by using either the Keyboard or the Mouse. Left click with your mouse |#bTap where you want to go#nb]] on the screen, and your character will head there as long as there are no obstacles.[[|\n\nAlternatively, use the #bdirectional pad#nb at the bottom left of the screen.]]\n\n#cffff0000Clearing requirement: Move the character[[ (Mouse)|]]"
TUTORIAL_MOVE_PLAYER_TITLE,Moving Method,Передвижение
TUTORIAL_MOVE_PLAYER_CONTENT,"#b#cff0000ff■ Move[[ using mouse|]]#nb#nc\n[[Click left-mouse on|Touch on the screen]] the spot you want to move.[[\n\n#b#cff0000ff■ Move using keyboard#nb#nc\nYou can move your character by pressing keys below.\nForward : W\nBackward : S\nLeftward : A\nRightward : D\n\n#b#cff0000ff■ Walking#nb#nc\nPress X. If you want to run again, then press X again.|]]\n\n#b#cff0000ff■ Jumping#nb#nc\n[[Press SPACE BAR|Long press on the screen]] when you want to jump.","#b#cff0000ff■ Move[[ using mouse|]]#nb#nc\n[[Click left-mouse on|Touch on the screen]] the spot you want to move.[[\n\n#b#cff0000ff■ Move using keyboard#nb#nc\nYou can move your character by pressing keys below.\nForward : W\nBackward : S\nLeftward : A\nRightward : D\n\n#b#cff0000ff■ Walking#nb#nc\nPress X. If you want to run again, then press X again.|]]\n\n#b#cff0000ff■ Jumping#nb#nc\n[[Press SPACE BAR|Long press on the screen]] when you want to jump."
TUTORIAL_MOVE_PLAYER_KEYBOARD_TEXT,"Character movement by Keyboard is as follows.\n\nForward : W\nBackward : S\nTurn Left : A\nTurn Right : D\n\nEasy, huh? Move your character now.\n\n#cffff0000Clear Condition: Move the character(Keyboard)","Character movement by Keyboard is as follows.\n\nForward : W\nBackward : S\nTurn Left : A\nTurn Right : D\n\nEasy, huh? Move your character now.\n\n#cffff0000Clear Condition: Move the character(Keyboard)"
TUTORIAL_WALK_PLAYER_TEXT,"Great job!\n\nBy default, your character runs.\n\n[[Press 'X' if you want to walk. If you want to run, just press 'X' again.\n\n#cffff0000Clearing requirement: Hot Key 'X'|Simply tap the #b'Walk' button#nb at the top of the screen to toggle between walking and running.]]","Great job!\n\nBy default, your character runs.\n\n[[Press 'X' if you want to walk. If you want to run, just press 'X' again.\n\n#cffff0000Clearing requirement: Hot Key 'X'|Simply tap the #b'Walk' button#nb at the top of the screen to toggle between walking and running.]]"
TUTORIAL_JUMP_PLAYER_TEXT,"Next up: jumping! To jump, \n\n[[Press the space bar. If you want to jump while moving then press the space bar while moving|either long press anywhere on the screen or tap the #b'Jump' button#nb located at the bottom right of the screen]].\n\n#cffff0000Clearing requirement: Jump[[ (Space Bar)|]]","Next up: jumping! To jump, \n\n[[Press the space bar. If you want to jump while moving then press the space bar while moving|either long press anywhere on the screen or tap the #b'Jump' button#nb located at the bottom right of the screen]].\n\n#cffff0000Clearing requirement: Jump[[ (Space Bar)|]]"
TUTORIAL_ROTATE_CAMERA_TEXT,Let’s explore camera control:\n\n[[The camera is handled with the Mouse and Keyboard. Let's go with the Mouse first.\n\nMove the Mouse pointer to where you want to see while holding down right click|#bSwipe your finger#nb across the screen]] to rotate the camera.\n\n#cffff0000Clearing requirement: Rotate the Camera[[ (Mouse)|]],Let’s explore camera control:\n\n[[The camera is handled with the Mouse and Keyboard. Let's go with the Mouse first.\n\nMove the Mouse pointer to where you want to see while holding down right click|#bSwipe your finger#nb across the screen]] to rotate the camera.\n\n#cffff0000Clearing requirement: Rotate the Camera[[ (Mouse)|]]
TUTORIAL_ROTATE_CAMERA_TITLE,Camera Manage Method,Управление камерой
TUTORIAL_ROTATE_CAMERA_CONTENT,"#b#cff0000ff■ Change view[[ with mouse|]]#nb#nc\nYou can view any direction just by [[rotating your mouse while pressing on the right button of the mouse|sliding your finger on the screen]].[[\n\n#b#cff0000ff■ Change view with keyboard#nb#nc\nYou can change view by pressing keys below.\nUp : ↑\nDown : ↓\nLeft : ←\nRight : →|]]\n\n#b#cff0000ff■ For zoom in and out#nb#nc\n[[you can use mouse wheel. Also Page Up, Page Down keys can be used for change view step by step|pinch the screen and spread or bring your fingers together]].","#b#cff0000ff■ Change view[[ with mouse|]]#nb#nc\nYou can view any direction just by [[rotating your mouse while pressing on the right button of the mouse|sliding your finger on the screen]].[[\n\n#b#cff0000ff■ Change view with keyboard#nb#nc\nYou can change view by pressing keys below.\nUp : ↑\nDown : ↓\nLeft : ←\nRight : →|]]\n\n#b#cff0000ff■ For zoom in and out#nb#nc\n[[you can use mouse wheel. Also Page Up, Page Down keys can be used for change view step by step|pinch the screen and spread or bring your fingers together]]."
TUTORIAL_ROTATE_CAMERA_KEYBOARD_TEXT,"Let's go through how the camera works with the Keyboard. Here are the keys to press to rotate the camera:\n\nUp: Up Arrow #b↑#nb\nDown: Down Arrow #b↓#nb\nLeft: Left Arrow #b←#nb\nRight: Right Arrow #b→#nb\n\nPretty easy, huh?\n\n#cffff0000Clear Condition: Press an Arrow Key #b↑↓←→#nb","Let's go through how the camera works with the Keyboard. Here are the keys to press to rotate the camera:\n\nUp: Up Arrow #b↑#nb\nDown: Down Arrow #b↓#nb\nLeft: Left Arrow #b←#nb\nRight: Right Arrow #b→#nb\n\nPretty easy, huh?\n\n#cffff0000Clear Condition: Press an Arrow Key #b↑↓←→#nb"
TUTORIAL_ZOOM_CAMERA_TEXT,"How's that? Simple, right? Now, let's tackle zooming.\n\n[[Zooming in and out is possible with the Mouse wheel. It is also possible with the Page Up and Page Down Keys|Pinch to #bzoom out#nb and spread your fingers to #bzoom in#nb]].\n\n#cffff0000Clearing requirement: Adjust the camera zoom","How's that? Simple, right? Now, let's tackle zooming.\n\n[[Zooming in and out is possible with the Mouse wheel. It is also possible with the Page Up and Page Down Keys|Pinch to #bzoom out#nb and spread your fingers to #bzoom in#nb]].\n\n#cffff0000Clearing requirement: Adjust the camera zoom"
TUTORIAL_ROTATE_PHONE_TITLE,Viewing,Viewing
TUTORIAL_ROTATE_PHONE_CONTENT,[[|#b#cff0000ff■ Portrait and landscape #nb#nc\nRotate your phone to switch between portrait and landscape mode. ]],[[|#b#cff0000ff■ Portrait and landscape #nb#nc\nRotate your phone to switch between portrait and landscape mode. ]]
TUTORIAL_ROTATE_PHONE_TEXT,Awesome!\n\n[[|You can also #brotate#nb your phone to switch between portrait and landscape mode.]],Awesome!\n\n[[|You can also #brotate#nb your phone to switch between portrait and landscape mode.]]
TUTORIAL_OPEN_MENU_TEXT,"Great! [[It's time to learn how to change settings to enjoy the game the best as possible.\n\nSettings are available from the main game menu.\n\nClick on the #bbutton on bottom left#nb of the screen to open the main menu|Next, let's open the #bmain menu#nb.\n\nJust tap the button at the bottom left of the screen]].\n\n#cffff0000Clearing requirement: Open the main menu","Great! [[It's time to learn how to change settings to enjoy the game the best as possible.\n\nSettings are available from the main game menu.\n\nClick on the #bbutton on bottom left#nb of the screen to open the main menu|Next, let's open the #bmain menu#nb.\n\nJust tap the button at the bottom left of the screen]].\n\n#cffff0000Clearing requirement: Open the main menu"
TUTORIAL_OPEN_OPTION_TEXT,"Now [[click on|tap]] #bOption#nb to access the settings.\n\nHere, you can adjust the #btexture quality, shadows, music volume, language, and more#nb.\n\nOnce finished, hit the #b'Save'#nb button to apply your changes.\n\n#cffff0000Clearing requirement: Open the options window","Now [[click on|tap]] #bOption#nb to access the settings.\n\nHere, you can adjust the #btexture quality, shadows, music volume, language, and more#nb.\n\nOnce finished, hit the #b'Save'#nb button to apply your changes.\n\n#cffff0000Clearing requirement: Open the options window"
TUTORIAL_OPEN_OPTION_TITLE,Settings,Settings
TUTORIAL_OPEN_OPTION_CONTENT,"#b#cff0000ff■ Video / Audio tab#nb#nc\nYou can configure texture quality, shadows quality and many other graphical options. Use Save button or your changes will be reset when you close the window. Texture quality and Antialiasing are only applied when saving changes. Antialiasing[[|, Vibrations]] and Fullscreen options are not supported on all devices. All advanced options and high quality settings will consume more energy and Internet bandwidth so consider disabling them if you have a limited Internet connection or experiencing a slow framerate.\n\n#b#cff0000ff■ Game tab#nb#nc\nYou can select the interface language and enable or disable some options relative to your character. Don't forget to save your changes.","#b#cff0000ff■ Video / Audio tab#nb#nc\nYou can configure texture quality, shadows quality and many other graphical options. Use Save button or your changes will be reset when you close the window. Texture quality and Antialiasing are only applied when saving changes. Antialiasing[[|, Vibrations]] and Fullscreen options are not supported on all devices. All advanced options and high quality settings will consume more energy and Internet bandwidth so consider disabling them if you have a limited Internet connection or experiencing a slow framerate.\n\n#b#cff0000ff■ Game tab#nb#nc\nYou can select the interface language and enable or disable some options relative to your character. Don't forget to save your changes."
TUTORIAL_OPEN_MAP_TEXT,"Your adventure takes place in #bMadrigal#nb.\n\n[[Press M key|Tap the #bmini-map#nb]] to check your current location or to view maps of other areas.\n\nTo return to the game, [[press M again|tap the cross button at the top right of the map]].\n\n#cffff0000Clearing requirement: [[Hot Key 'M'|Open the map]]","Your adventure takes place in #bMadrigal#nb.\n\n[[Press M key|Tap the #bmini-map#nb]] to check your current location or to view maps of other areas.\n\nTo return to the game, [[press M again|tap the cross button at the top right of the map]].\n\n#cffff0000Clearing requirement: [[Hot Key 'M'|Open the map]]"
TUTORIAL_OPEN_MAP_TITLE,Map,Карта
TUTORIAL_OPEN_MAP_CONTENT,"#b#cff0000ff■ Whole map#nb#nc\n[[Press M key|Touch World Map in main menu]] to see the continent of Madrigal.\n\n#b#cff0000ff■ Mini-Map#nb#nc\n[[Press N key|Touch cross button]] to hide navigator on right corner. If you want to see it again, [[press N key again|touch Navigator in main menu]].","#b#cff0000ff■ Whole map#nb#nc\n[[Press M key|Touch World Map in main menu]] to see the continent of Madrigal.\n\n#b#cff0000ff■ Mini-Map#nb#nc\n[[Press N key|Touch cross button]] to hide navigator on right corner. If you want to see it again, [[press N key again|touch Navigator in main menu]]."
TUTORIAL_OPEN_NAVIGATOR_TEXT,Let's go through the Navigator.\nYou can check your location and the surrounding area with the navigator that’s in the upper right part of the screen.\n[[Activate and deactivate the Navigator by pressing 'N'|Use Navigator in main menu to toggle the mini-map]].\n\n#cffff0000Clear Condition: [[Hot Key 'N'|Open the navigator]],Let's go through the Navigator.\nYou can check your location and the surrounding area with the navigator that’s in the upper right part of the screen.\n[[Activate and deactivate the Navigator by pressing 'N'|Use Navigator in main menu to toggle the mini-map]].\n\n#cffff0000Clear Condition: [[Hot Key 'N'|Open the navigator]]
TUTORIAL_TALK_LUI_TEXT,Navigating #bMadrigal#nb just got easier!\n\nGo talk to #b#cffa0a0ff[General] Lui#nc#nb in Central Flarine by following the #barrow above your head#nb.\n\nHe seems to have important information for you. Best of luck!,Navigating #bMadrigal#nb just got easier!\n\nGo talk to #b#cffa0a0ff[General] Lui#nc#nb in Central Flarine by following the #barrow above your head#nb.\n\nHe seems to have important information for you. Best of luck!
TUTORIAL_START_QUEST_TEXT,"Congratulations on your first quest! Time to explore the #bQuest Diary#nb.\n\nThis diary keeps track of completed quests and those you're currently on.\n\nTo view deatils, [[press 'Q'|tap the #b'Quests'#nb button at the top of the screen]].\n\n#cffff0000Clearing requirement: [[Hot Key 'Q'|Open the Quest Diary]]","Congratulations on your first quest! Time to explore the #bQuest Diary#nb.\n\nThis diary keeps track of completed quests and those you're currently on.\n\nTo view deatils, [[press 'Q'|tap the #b'Quests'#nb button at the top of the screen]].\n\n#cffff0000Clearing requirement: [[Hot Key 'Q'|Open the Quest Diary]]"
TUTORIAL_START_QUEST_TITLE,Quest Window,Дневник
TUTORIAL_START_QUEST_CONTENT,#b#cff0000ff■ Quest Window#nb#nc\nThis is where you can see current quest information and the completed quests.[[\nShortcut key is L.|]],#b#cff0000ff■ Quest Window#nb#nc\nThis is where you can see current quest information and the completed quests.[[\nShortcut key is L.|]]
TUTORIAL_MOTION_TEXT,Looking to express yourself?\n\n[[Press 'O'|Tap the Emotes button on the left]] to unveil a range of #bemoticons and expressions#nb. Give it a go.\n\n#cffff0000Clearing requirement: [[Press 'O'|Open the Emotes window]],Looking to express yourself?\n\n[[Press 'O'|Tap the Emotes button on the left]] to unveil a range of #bemoticons and expressions#nb. Give it a go.\n\n#cffff0000Clearing requirement: [[Press 'O'|Open the Emotes window]]
TUTORIAL_MOTION_TITLE,Emotion Expression,Эмоции
TUTORIAL_MOTION_CONTENT,"#b#cff0000ff■ Emotion Expression#nb#nc\nYou can use this to express your emotion to other players. There are many emoticons and icons for expression various emotions, so you should try to use it.[[\nShortcut key is O.|]]","#b#cff0000ff■ Emotion Expression#nb#nc\nYou can use this to express your emotion to other players. There are many emoticons and icons for expression various emotions, so you should try to use it.[[\nShortcut key is O.|]]"
TUTORIAL_CHAT_TEXT,Ready to chat with others?\n\n[[Press ENTER|You can tap the #bChat#nb preview at the bottom]] to open the chat window.\n\nMessage in Normal chat are visible to nearby players.,Ready to chat with others?\n\n[[Press ENTER|You can tap the #bChat#nb preview at the bottom]] to open the chat window.\n\nMessage in Normal chat are visible to nearby players.
TUTORIAL_CHAT_TITLE,Chat Method,Chat Method
TUTORIAL_CHAT_CONTENT,#b#cff0000ff■ Normal Chat#nb#nc\nYou can only talk to players near by you. The way you talk is press Chat button on chat window.\n\n#b#cff0000ff■ Shout#nb#nc\nYou can talk to players who are in broad range. They way you shot is add #cffff0000/s #nc on front of the words that you want to say.\n\n#b#cff0000ff■ Party Chat#nb#nc\nYou can use it when you are in a party. The way you talk is add #cffff0000/p #nc on front of the wards that you want to say.\nYou can use Troupe button on the chat window.\n\n#b#cff0000ff■ Whisper#nb#nc\nYou can send message to certain player. The way you do it is add #cffff0000/w character name #nc.\nYou can use Whisper button on the chat window.\n\n#b#cff0000ff■ Guild Chat#nb#nc\nYou can use it when you are in a guild. The way you talk is add#cffff0000/g #nc.\nYou can use Guild button on the chat window.\n\n#b#cff0000ff■ System Message#nb#nc\nAll of the messages except chat message display in system window.To check press SYSTEM button on the chat window.\n\n#b#cff0000ff■ Filter Function#nb#nc\nYou can see the chat that you want to see. The way you do is press Filter button.,#b#cff0000ff■ Normal Chat#nb#nc\nYou can only talk to players near by you. The way you talk is press Chat button on chat window.\n\n#b#cff0000ff■ Shout#nb#nc\nYou can talk to players who are in broad range. They way you shot is add #cffff0000/s #nc on front of the words that you want to say.\n\n#b#cff0000ff■ Party Chat#nb#nc\nYou can use it when you are in a party. The way you talk is add #cffff0000/p #nc on front of the wards that you want to say.\nYou can use Troupe button on the chat window.\n\n#b#cff0000ff■ Whisper#nb#nc\nYou can send message to certain player. The way you do it is add #cffff0000/w character name #nc.\nYou can use Whisper button on the chat window.\n\n#b#cff0000ff■ Guild Chat#nb#nc\nYou can use it when you are in a guild. The way you talk is add#cffff0000/g #nc.\nYou can use Guild button on the chat window.\n\n#b#cff0000ff■ System Message#nb#nc\nAll of the messages except chat message display in system window.To check press SYSTEM button on the chat window.\n\n#b#cff0000ff■ Filter Function#nb#nc\nYou can see the chat that you want to see. The way you do is press Filter button.
TUTORIAL_SHOUT_TEXT,"Mastering the Shout:\n\nShouting broadcasts your message to a #bbroader audience#nb than normal chat.\n\nTo shout, prefix your message with#cffff0000/s#nc. Remember, players won't see your shouts until you reach level 20.\n\n#cffff0000Clearing requirement: Use the shout ('/s') chat.","Mastering the Shout:\n\nShouting broadcasts your message to a #bbroader audience#nb than normal chat.\n\nTo shout, prefix your message with#cffff0000/s#nc. Remember, players won't see your shouts until you reach level 20.\n\n#cffff0000Clearing requirement: Use the shout ('/s') chat."
TUTORIAL_PARTY_CHAT_TEXT,"About the #bParty chat#nb:\n\nStart your message with #cffff0000/p#nc to only discuss with players in your party.\n\nRemember, party chat is exclusive to party members.","About the #bParty chat#nb:\n\nStart your message with #cffff0000/p#nc to only discuss with players in your party.\n\nRemember, party chat is exclusive to party members."
TUTORIAL_WHISPER_CHAT_TEXT,Need to message someone directly? Try #bWhisper#nb.\n\nType\n#cffff0000 /w CharacterName\n#nc before your message to whisper to a specific player.,Need to message someone directly? Try #bWhisper#nb.\n\nType\n#cffff0000 /w CharacterName\n#nc before your message to whisper to a specific player.
TUTORIAL_GUILD_CHAT_TEXT,Add #cffff0000/g#nc before your message to chat with your guild members only.,Add #cffff0000/g#nc before your message to chat with your guild members only.
TUTORIAL_SYSTEM_CHAT_TEXT,System messages are shown in a seperate chat window.\n\n[[Click|Tap]] the SYSTEM button in the chat window to view them.,System messages are shown in a seperate chat window.\n\n[[Click|Tap]] the SYSTEM button in the chat window to view them.
TUTORIAL_FILTER_CHAT_TEXT,"To see only the messages you're interested in, simply select a tab, [[click|tap]] the #bFilter#nb button, and edit your perferences. The rest will be filtered out.","To see only the messages you're interested in, simply select a tab, [[click|tap]] the #bFilter#nb button, and edit your perferences. The rest will be filtered out."
TUTORIAL_INVENTORY_TEXT,You got your #bfirst weapon#nb!\n\nLet's go through item equipment by [[pressing 'I'|touching Inventory in the bottom]].\n\n#cffff0000Clear Condition: [[Hot Key 'I'|Open inventory]],You got your #bfirst weapon#nb!\n\nLet's go through item equipment by [[pressing 'I'|touching Inventory in the bottom]].\n\n#cffff0000Clear Condition: [[Hot Key 'I'|Open inventory]]
TUTORIAL_EQUIP_TEXT,[[Double click|Touch]] an item you want to equip [[or drag it to the spot you want to equip|and then touch the #bEquip#nb button]].\n\n#cffff0000Clear Condition: Equip an item,[[Double click|Touch]] an item you want to equip [[or drag it to the spot you want to equip|and then touch the #bEquip#nb button]].\n\n#cffff0000Clear Condition: Equip an item
TUTORIAL_UNEQUIP_TEXT,Now double [[click again|tap]] on the item in #bequipment view#nb to unequip it.\n\n#cffff0000Clear Condition: Unequip an item,Now double [[click again|tap]] on the item in #bequipment view#nb to unequip it.\n\n#cffff0000Clear Condition: Unequip an item
TUTORIAL_INVENTORY_TITLE,Inventory,Инвентарь
TUTORIAL_INVENTORY_CONTENT,"#b#cff0000ff■ At the top of the Inventory window,#nb#nc\nyou can see the items your character has equipped. At the bottom, you can see the items and Penya in your inventory. To equip an item, double-[[click|tap]] it or drag it to the appropriate slot.[[\nHotkey: I|]]","#b#cff0000ff■ At the top of the Inventory window,#nb#nc\nyou can see the items your character has equipped. At the bottom, you can see the items and Penya in your inventory. To equip an item, double-[[click|tap]] it or drag it to the appropriate slot.[[\nHotkey: I|]]"
TUTORIAL_TASKBAR_TEXT,Well done! Let's learn about the #bQuick Slot#nb located [[on the left|in many places]] of your screen.\n\nYou can put #bitems or skills#nb into it so you can use them quickly. [[1 - 0 can be used as hotkeyes.\nYou can also use keys F1-F9 to cycle through your Quick Slot bars.|#bKeep your finger pressed#nb on an item to drag it to the Slot of your choice.]]\n\n#cffff0000Clear Condition: Drag an item to Quick Slot,Well done! Let's learn about the #bQuick Slot#nb located [[on the left|in many places]] of your screen.\n\nYou can put #bitems or skills#nb into it so you can use them quickly. [[1 - 0 can be used as hotkeyes.\nYou can also use keys F1-F9 to cycle through your Quick Slot bars.|#bKeep your finger pressed#nb on an item to drag it to the Slot of your choice.]]\n\n#cffff0000Clear Condition: Drag an item to Quick Slot
TUTORIAL_TASKBAR_TITLE,Quick Slot,Панель быстрого доступа
TUTORIAL_TASKBAR_CONTENT,#b#cff0000ff■ Quick Slot#nb#nc\nYou can put items or motions that you want to use quickly[[ in 1~0 slots and there are also expansion slot of F1~F9|]].,#b#cff0000ff■ Quick Slot#nb#nc\nYou can put items or motions that you want to use quickly[[ in 1~0 slots and there are also expansion slot of F1~F9|]].
TUTORIAL_CHARACTER_TEXT,The #bCharacter#nb window displays information about your character.\n\n[[Press 'H'|Touch Character in main menu]] to view this window.\n\n#cffff0000Clear Condition: [[Hot Key 'H'|Open Character window]],The #bCharacter#nb window displays information about your character.\n\n[[Press 'H'|Touch Character in main menu]] to view this window.\n\n#cffff0000Clear Condition: [[Hot Key 'H'|Open Character window]]
TUTORIAL_CHARACTER_TITLE,Character Window,Окно характеристик
TUTORIAL_CHARACTER_CONTENT,#b#cff0000ff■ Character Window#nb#nc\nYou can see all information of your character. You can also increase ability stat with Stat Points.[[\nShortcut key is H.|]],#b#cff0000ff■ Character Window#nb#nc\nYou can see all information of your character. You can also increase ability stat with Stat Points.[[\nShortcut key is H.|]]
TUTORIAL_STAT_TEXT,You can also distribute #bStat Points#nb you have gained by leveling in #bDetail tab#nb.\n\nUse #bApply#nb button to confirm changes.\n\n#cffff0000Clear Condition: Distribute Stat Points,You can also distribute #bStat Points#nb you have gained by leveling in #bDetail tab#nb.\n\nUse #bApply#nb button to confirm changes.\n\n#cffff0000Clear Condition: Distribute Stat Points
TUTORIAL_CHANGEJOB_TEXT,"Hi, there. I am #b#cffa0a0ffInfo Pang#nc#nb ^^\n\nYou can transfer your job to #bMercenary#nb, #bMagician#nb, #bAcrobat#nb, or #bAssist#nb when you reach level 15.\n\nYou need to complete the #bjob transfer quest#nb by talking to the #b#cffa0a0ffJob Drillmaster#nc#nb in #bEastern Flarine#nb.","Hi, there. I am #b#cffa0a0ffInfo Pang#nc#nb ^^\n\nYou can transfer your job to #bMercenary#nb, #bMagician#nb, #bAcrobat#nb, or #bAssist#nb when you reach level 15.\n\nYou need to complete the #bjob transfer quest#nb by talking to the #b#cffa0a0ffJob Drillmaster#nc#nb in #bEastern Flarine#nb."
TUTORIAL_FLY_TEXT,"Now you have reached the level to fly. Let me teach you #bhow to fly#nb!\n\nYou will first need to purchase a board or a broom to #b#cffa0a0ff(Station) Tina#nc#nb in Flarine and equip the item.\n\nThen [[press the Space bar|touch the #bSTART button#nb in bottom right of the screen]] to increase speed, and [[press Space bar|touch it]] again to decrease speed.\n\n[[Move your Mouse cursor while holding down the right button|Touch your character and #bslide your finger#nb or use the #bdirectional pad#nb]] to fly in that direction.\n\n[[When using the keyboard the W, A, S, D keys will move you.|You can also control your flight by #brotating your device#nb if device motion is supported. Use the button on top of the screen to toggle Device Motion.]]","Now you have reached the level to fly. Let me teach you #bhow to fly#nb!\n\nYou will first need to purchase a board or a broom to #b#cffa0a0ff(Station) Tina#nc#nb in Flarine and equip the item.\n\nThen [[press the Space bar|touch the #bSTART button#nb in bottom right of the screen]] to increase speed, and [[press Space bar|touch it]] again to decrease speed.\n\n[[Move your Mouse cursor while holding down the right button|Touch your character and #bslide your finger#nb or use the #bdirectional pad#nb]] to fly in that direction.\n\n[[When using the keyboard the W, A, S, D keys will move you.|You can also control your flight by #brotating your device#nb if device motion is supported. Use the button on top of the screen to toggle Device Motion.]]"
TUTORIAL_GUILD_TEXT,"A #bGuild#nb is a bigger community than a Party and can be created by the #b#cffa0a0ff[Public Office] Helena#nc#nb when you reach level 40.\n\nEach tab's details are as follows:\nInfo tab provides general info about the guild and notice, \nMember tab manages Guild members.\n\n#cffff0000Clear Condition: [[Hot Key 'G'|Open Guild window]]","A #bGuild#nb is a bigger community than a Party and can be created by the #b#cffa0a0ff[Public Office] Helena#nc#nb when you reach level 40.\n\nEach tab's details are as follows:\nInfo tab provides general info about the guild and notice, \nMember tab manages Guild members.\n\n#cffff0000Clear Condition: [[Hot Key 'G'|Open Guild window]]"
TUTORIAL_MESSENGER_TEXT,You can use #bMessenger#nb Window to check your friends' online status and chat with them. Remember to add your #bfriends#nb to the messenger.,You can use #bMessenger#nb Window to check your friends' online status and chat with them. Remember to add your #bfriends#nb to the messenger.
TUTORIAL_MESSENGER_TITLE,Messenger,Коммуникатор
TUTORIAL_MESSENGER_CONTENT,"#b#cff0000ff■ Messenger#nb#nc\nYou can check for log in status of registered players, channel and you can use chat easily. To register player [[click on|touch]] + button on the messenger window, then enter the character name that you want to register.[[\nShortcut key is E.|]]","#b#cff0000ff■ Messenger#nb#nc\nYou can check for log in status of registered players, channel and you can use chat easily. To register player [[click on|touch]] + button on the messenger window, then enter the character name that you want to register.[[\nShortcut key is E.|]]"
TUTORIAL_TRADE_TEXT,"You can use #b1 on 1 trade#nb to exchange items and Penya. Simply [[Left click on a|tap on another]] player, and select #b'Trade'#nb from the menu.","You can use #b1 on 1 trade#nb to exchange items and Penya. Simply [[Left click on a|tap on another]] player, and select #b'Trade'#nb from the menu."
TUTORIAL_TRADE_TITLE,Trade,Обмен
TUTORIAL_TRADE_CONTENT,"#b#cff0000ff■ 1:1 Trade#nb#nc\nIt is a method of trade when you give and take items or Penya with other character. [[#cffff0000Left click#nc on other|#cffff0000Touch#nc another]] character and choose Trade menu. It will ask other character if he wants to trade.\n\n#b#cff0000ff■ Private shop#nb#nc\nYou can sell your items to other players. When you [[press|touch]] Start button, menu will show and when you choose private shop, private shop window will show. You can register name of shop and the items you want to sell then [[click|touch]] OK button to start the private shop. If NPC is placed near by you, private shop will not open.","#b#cff0000ff■ 1:1 Trade#nb#nc\nIt is a method of trade when you give and take items or Penya with other character. [[#cffff0000Left click#nc on other|#cffff0000Touch#nc another]] character and choose Trade menu. It will ask other character if he wants to trade.\n\n#b#cff0000ff■ Private shop#nb#nc\nYou can sell your items to other players. When you [[press|touch]] Start button, menu will show and when you choose private shop, private shop window will show. You can register name of shop and the items you want to sell then [[click|touch]] OK button to start the private shop. If NPC is placed near by you, private shop will not open."
TUTORIAL_PRIVATE_SHOP_TEXT,Got items you don't need? Start a #bprivate shop#nb and sell them to other players!\n\n[[Click the Menu button and click Private Shop in the menu|Tap the Private Shop button at the top]].\n\n#cffff0000Clearing requirement: Open the Private Shop window,Got items you don't need? Start a #bprivate shop#nb and sell them to other players!\n\n[[Click the Menu button and click Private Shop in the menu|Tap the Private Shop button at the top]].\n\n#cffff0000Clearing requirement: Open the Private Shop window
TUTORIAL_CHARACTER_MENU_TEXT,"[[Left click on|Tapping on]] another player brings up a #bcontextual menu#nb.\n\nOptions include Trade, Add to messenger, Party Invite, Guild Invite, Follow, Duel, and Cheer. \n\nAttack is also available in PK channels.","[[Left click on|Tapping on]] another player brings up a #bcontextual menu#nb.\n\nOptions include Trade, Add to messenger, Party Invite, Guild Invite, Follow, Duel, and Cheer. \n\nAttack is also available in PK channels."
TUTORIAL_CHARACTER_MENU_TITLE,Character Menu,Окно персонажа
TUTORIAL_CHARACTER_MENU_CONTENT,"#b#cff0000ff■ Character Menu#nb#nc\nWhen you [[#cffff0000Left click#nc to other|#cffff0000Touch#nc another]] character, variety of menu will show. Trade, Add to messenger, Invite to party, Follow, View equipment and Aid will be in the menu, so use it when you need it.","#b#cff0000ff■ Character Menu#nb#nc\nWhen you [[#cffff0000Left click#nc to other|#cffff0000Touch#nc another]] character, variety of menu will show. Trade, Add to messenger, Invite to party, Follow, View equipment and Aid will be in the menu, so use it when you need it."
TUTORIAL_SKILL_WINDOW_TEXT,You unlocked your #bfirst skill#nb!\n\n[[Press 'K'|Touch Skills in main menu]] to open #bSkill tree#nb window.\n\n#cffff0000Clear Condition: [[Hot Key 'K'|Open Skill window]],You unlocked your #bfirst skill#nb!\n\n[[Press 'K'|Touch Skills in main menu]] to open #bSkill tree#nb window.\n\n#cffff0000Clear Condition: [[Hot Key 'K'|Open Skill window]]
TUTORIAL_SKILL_POINT_TEXT,Now [[click on|touch]] the icon of #b#cff2fbe6dClean Hit#nc#nb skill.\n\nUse #b+ button#nb to attribute skill points to the skill and #bFinish#nb button to confirm changes.\n\n#cffff0000Clear Condition: Use skill points,Now [[click on|touch]] the icon of #b#cff2fbe6dClean Hit#nc#nb skill.\n\nUse #b+ button#nb to attribute skill points to the skill and #bFinish#nb button to confirm changes.\n\n#cffff0000Clear Condition: Use skill points
TUTORIAL_USE_SKILL_TEXT,You are now ready to #buse the skill#nb.\n\nDrag the #b#cff2fbe6dClean Hit#nc#nb icon to #bQuick Slot#nb.\n\n[[Click on|Touch]] a monster you want to #battack#nb and [[click on|touch]] the skill icon to trigger it.\n\n#cffff0000Clear Condition: Use a skill,You are now ready to #buse the skill#nb.\n\nDrag the #b#cff2fbe6dClean Hit#nc#nb icon to #bQuick Slot#nb.\n\n[[Click on|Touch]] a monster you want to #battack#nb and [[click on|touch]] the skill icon to trigger it.\n\n#cffff0000Clear Condition: Use a skill
TUTORIAL_INSERT_SKILL_COMBO_TEXT,You unlocked your #bsecond skill#nb.\n\nYou can use the #b[[Action Slot|Combo Bar]]#nb to trigger a sequence of skills.\n\n[[Double click on a skill icon in Skill tree window or drag it to the Action Slot to append a skill to the Action Slot.|Touch #bAdd to Combo#nb button in the Skill window to append a skill to the combo bar.]]\n\n#cffff0000Clear Condition: Append a skill to [[Action Slot|Combo Bar]],You unlocked your #bsecond skill#nb.\n\nYou can use the #b[[Action Slot|Combo Bar]]#nb to trigger a sequence of skills.\n\n[[Double click on a skill icon in Skill tree window or drag it to the Action Slot to append a skill to the Action Slot.|Touch #bAdd to Combo#nb button in the Skill window to append a skill to the combo bar.]]\n\n#cffff0000Clear Condition: Append a skill to [[Action Slot|Combo Bar]]
TUTORIAL_USE_SKILL_COMBO_TEXT,[[Click on the S icon on left of Action Slot to trigger the sequence of skills. You can also use 'C' shortcut key.|Touch the #bCombo#nb button to trigger the sequence of skills.]]\n\n#cffff0000Clear Condition: Use [[Action Slot|Combo Bar]],[[Click on the S icon on left of Action Slot to trigger the sequence of skills. You can also use 'C' shortcut key.|Touch the #bCombo#nb button to trigger the sequence of skills.]]\n\n#cffff0000Clear Condition: Use [[Action Slot|Combo Bar]]
TUTORIAL_STATUS_TEXT,"Leaving the town? You are going to #bfight monsters#nb!\n\nIf you want to check the #bstatus#nb of your character [[press 'T' to view the status window|just look at the top left part of the screen]].\n\nYou will see info such as #bHP, MP, FP, and Exp#nb.[[\n\n#cffff0000Clear Condition: Hot Key 'T'|]]","Leaving the town? You are going to #bfight monsters#nb!\n\nIf you want to check the #bstatus#nb of your character [[press 'T' to view the status window|just look at the top left part of the screen]].\n\nYou will see info such as #bHP, MP, FP, and Exp#nb.[[\n\n#cffff0000Clear Condition: Hot Key 'T'|]]"
TUTORIAL_STATUS_TITLE,Status Window,Панель персонажа
TUTORIAL_STATUS_CONTENT,"#b#cff0000ff■ Status Window#nb#nc\nYou can check HP, MP, FP, Exp of your character.[[\nShortcut key is T.|]]","#b#cff0000ff■ Status Window#nb#nc\nYou can check HP, MP, FP, Exp of your character.[[\nShortcut key is T.|]]"
TUTORIAL_PARTY_MEMBER_TEXT,Is it tough to hunt alone? Then #bmake a party#nb with others.\n\nIt will be easier for you to kill boss monsters together with your party members.\n\nUse\n#cffff0000/partyinvite CharacterName\n#ncto invite a party member.\n\nYou start with a basic party and it will level the longer you continue to hunt together.,Is it tough to hunt alone? Then #bmake a party#nb with others.\n\nIt will be easier for you to kill boss monsters together with your party members.\n\nUse\n#cffff0000/partyinvite CharacterName\n#ncto invite a party member.\n\nYou start with a basic party and it will level the longer you continue to hunt together.
TUTORIAL_PARTY_TEXT,You can check information about your Party in the party window by [[pressing 'P'|touching #bParty#nb on the left]].\n\nYou can check your party member's level and class.\n\n#cffff0000Clear Condition: [[Hot Key 'P'|Open Party window]],You can check information about your Party in the party window by [[pressing 'P'|touching #bParty#nb on the left]].\n\nYou can check your party member's level and class.\n\n#cffff0000Clear Condition: [[Hot Key 'P'|Open Party window]]
TUTORIAL_PARTY_TITLE,Party,Труппа
TUTORIAL_PARTY_CONTENT,"#b#cff0000ff■ Party#nb#nc\nA Party is a group consisting of at least 2 players. Players in a Party can attack the same monster and pick-up each others items. Players near each other share the Exp points gained from defeated monsters. Item and Exp distribution can be adjusted by the Party Leader.\n Slaying monsters together levels the Party. Once the Party Level hits level 10, it can be changed into an Advanced Party to bestow special skills on the Party Leader.\n You can invite other players into your party by [[rightclicking|touching]] their character and choosing #iInvite to Party#ni, or by typing #cffff0000/partyinvite [character name]#nc in chat.\n \n #b#cff0000ff■ Party window#nb#nc Here you can see information about the Party Members, as well as Party Settings.[[\n Shortcut key is P.|]]","#b#cff0000ff■ Party#nb#nc\nA Party is a group consisting of at least 2 players. Players in a Party can attack the same monster and pick-up each others items. Players near each other share the Exp points gained from defeated monsters. Item and Exp distribution can be adjusted by the Party Leader.\n Slaying monsters together levels the Party. Once the Party Level hits level 10, it can be changed into an Advanced Party to bestow special skills on the Party Leader.\n You can invite other players into your party by [[rightclicking|touching]] their character and choosing #iInvite to Party#ni, or by typing #cffff0000/partyinvite [character name]#nc in chat.\n \n #b#cff0000ff■ Party window#nb#nc Here you can see information about the Party Members, as well as Party Settings.[[\n Shortcut key is P.|]]"
TUTORIAL_FIGHT_TEXT,You have everything to #bfight#nb now!\n\n[[Click on|Touch]] a monster to select it. Then [[click on|touch]] it again to start attacking. Don't forget to use #bfood items#nb to recover your hit points when your HP bar is low or you will #bdie#nb.\n\n[[Click on|Touch]] the ground if you want to #bcancel an attack#nb. Good luck!,You have everything to #bfight#nb now!\n\n[[Click on|Touch]] a monster to select it. Then [[click on|touch]] it again to start attacking. Don't forget to use #bfood items#nb to recover your hit points when your HP bar is low or you will #bdie#nb.\n\n[[Click on|Touch]] the ground if you want to #bcancel an attack#nb. Good luck!
CLIENT_GUIDE_INC_000031,"You gain 1 Cheer Point for every hour you play Flyff.\nTo cheer another player, select their character and click the Cheer icon in the Emotes window (Hotkey: O). You can also click a nearby character and select Cheer from the interaction menu.\nCheered characters receive +5% EXP for 10 minutes.","You gain 1 Cheer Point for every hour you play Flyff.\nTo cheer another player, select their character and click the Cheer icon in the Emotes window (Hotkey: O). You can also click a nearby character and select Cheer from the interaction menu.\nCheered characters receive +5% EXP for 10 minutes."
CLIENT_TUTORIAL_TITLE_000016,Cheer,Ободрение
CLIENT_TUTORIAL_CONTENT_000016,"#b#cff0000ff■ Cheer#nb#nc\nYou gain 1 Cheer Point for every hour you play. To cheer other player, select their character and click the Cheer icon in the Emotes window (Hotkey: O). You can also click a nearby character and select Cheer from the interaction menu. Cheered characters receive +5% EXP for 10 minutes.","#b#cff0000ff■ Cheer#nb#nc\nYou gain 1 Cheer Point for every hour you play. To cheer other player, select their character and click the Cheer icon in the Emotes window (Hotkey: O). You can also click a nearby character and select Cheer from the interaction menu. Cheered characters receive +5% EXP for 10 minutes."
CLIENT_GUIDE_INC_000028,"Not enough space in your inventory? Don't worry.\nYou can use your Bank by talking to the [Public Office] NPC in each town. Make sure to click Deposit from the NPC menu.\nYou can meet the NPC in Flaris by heading south, Julia is next to the mail box.\n\n#cffff0000Clear Condition: Open Bank Window","Not enough space in your inventory? Don't worry.\nYou can use your Bank by talking to the [Public Office] NPC in each town. Make sure to click Deposit from the NPC menu.\nYou can meet the NPC in Flaris by heading south, Julia is next to the mail box.\n\n#cffff0000Clear Condition: Open Bank Window"
CLIENT_TUTORIAL_TITLE_000013,Deposit Method,Банк
CLIENT_TUTORIAL_CONTENT_000013,#b#cff0000ff■ Bank#nb#nc\nYou can use bank by clicking on public office NPC in each village. Click on deposit menu from public office NPC.,"#b#cff0000ff - Банк#nb#nc\nЧтобы положить предметы в личный сейф или забрать их оттуда, поговорите с банковской служащей в одном из городов."
TUTORIAL_QUEST_BEGIN,You have a new quest!\n\nTalk to #b#cffa0a0ff%s#nc#nb to start the quest #b%s#nb!\n\nCheck the map and follow the #barrow on top of your head#nb.,You have a new quest!\n\nTalk to #b#cffa0a0ff%s#nc#nb to start the quest #b%s#nb!\n\nCheck the map and follow the #barrow on top of your head#nb.
TUTORIAL_QUEST_END,Great work! You've completed the #b'%s'#nb quest!\n\nNow speak to #b#cffa0a0ff%s#nc#nb to #bcollect your rewards#nb and carry on with your adventure.\n\nConsult the map and #bfollow the arrow#nb above you to find your way.,Great work! You've completed the #b'%s'#nb quest!\n\nNow speak to #b#cffa0a0ff%s#nc#nb to #bcollect your rewards#nb and carry on with your adventure.\n\nConsult the map and #bfollow the arrow#nb above you to find your way.
TUTORIAL_QUEST_KILL,This quest requires you to kill #b#cffc32f07%dx#nc %s#nb!\n\nCheck the map and follow the #barrow on top of your head#nb to reach them.,This quest requires you to kill #b#cffc32f07%dx#nc %s#nb!\n\nCheck the map and follow the #barrow on top of your head#nb to reach them.
TUTORIAL_QUEST_ITEM,This quest requires you to gather #b#cffc32f07%dx#nc %s#nb!\n\nCheck the map and follow the #barrow on top of your head#nb to reach the area.\n\nThen find and #b[[click on|touch]] the items#nb to pick them from the ground.,This quest requires you to gather #b#cffc32f07%dx#nc %s#nb!\n\nCheck the map and follow the #barrow on top of your head#nb to reach the area.\n\nThen find and #b[[click on|touch]] the items#nb to pick them from the ground.
TUTORIAL_QUEST_BOOTY,This quest requires you to collect #b#cffc32f07%dx#nc %s#nb from #b%s#nb!\n\nCheck the map and follow the #barrow on top of your head#nb to reach the area.\n\nThen #bdefeat the monsters#nb to collect the items.,This quest requires you to collect #b#cffc32f07%dx#nc %s#nb from #b%s#nb!\n\nCheck the map and follow the #barrow on top of your head#nb to reach the area.\n\nThen #bdefeat the monsters#nb to collect the items.
