Key,English,Thai
ACHIEVEMENT_KILL_AIBATT_NAME,Aibatt,Aibatt
ACHIEVEMENT_KILL_MUSHPANG_NAME,Mushpang,Mushpang
ACHIEVEMENT_KILL_BURUDENG_NAME,Burudeng,Burudeng
ACHIEVEMENT_KILL_PUKEPUKE_NAME,Pukepuke,Pukepuke
ACHIEVEMENT_KILL_PEAKYTURTLE_NAME,Peakyturtle,Peakyturtle
ACHIEVEMENT_KILL_DEMIAN_NAME,Demian,Demian
ACHIEVEMENT_KILL_DORIDOMA_NAME,Doridoma,Doridoma
ACHIEVEMENT_KILL_LAWOLF_NAME,Lawolf,Lawolf
ACHIEVEMENT_KILL_FEFERN_NAME,Fefern,Fefern
ACHIEVEMENT_KILL_NYANGNYANG_NAME,Nyangnyang,Nyangnyang
ACHIEVEMENT_KILL_BANG_NAME,Bang,Bang
ACHIEVEMENT_KILL_MOTHBEE_NAME,Mothbee,Mothbee
ACHIEVEMENT_KILL_WAGSAAC_NAME,Wagsaac,Wagsaac
ACHIEVEMENT_KILL_FLYBAT_NAME,Flybat,Flybat
ACHIEVEMENT_KILL_MIA_NAME,Mia,Mia
ACHIEVEMENT_KILL_MRPUMPKIN_NAME,Mr. Pumpkin,Mr. Pumpkin
ACHIEVEMENT_KILL_REDMANTIS_NAME,Redmantis,Redmantis
ACHIEVEMENT_KILL_ZENDROS_NAME,Zendros,Zendros
ACHIEVEMENT_KILL_JACKTHEHAMMER_NAME,Jack the Hammer,Jack the Hammer
ACHIEVEMENT_KILL_GIGGLEBOX_NAME,Giggle Box,Giggle Box
ACHIEVEMENT_KILL_ROCKMUSCLE_NAME,Rock Muscle,Rock Muscle
ACHIEVEMENT_KILL_BUCROW_NAME,Bucrow,Bucrow
ACHIEVEMENT_KILL_NEPARUBA_NAME,Neparuba,Neparuba
ACHIEVEMENT_KILL_HOBO_NAME,Hobo,Hobo
ACHIEVEMENT_KILL_DUMBBULL_NAME,Dumbbull,Dumbbull
ACHIEVEMENT_KILL_TOTEMIA_NAME,Totemia,Totemia
ACHIEVEMENT_KILL_CARDPUPPET_NAME,Cardpuppet,Cardpuppet
ACHIEVEMENT_KILL_FLBYRIGEN_NAME,Flybrigen,Flybrigen
ACHIEVEMENT_KILL_TOMBSTONEBEARER_NAME,Tombstone Bearer,Tombstone Bearer
ACHIEVEMENT_KILL_SCOPICON_NAME,Scorpicon,Scorpicon
ACHIEVEMENT_KILL_BASQUE_NAME,Basque,Basque
ACHIEVEMENT_KILL_PRANKSTER_NAME,Prankster,Prankster
ACHIEVEMENT_KILL_ROCKEPELLER_NAME,Rockepeller,Rockepeller
ACHIEVEMENT_KILL_WHEELEM_NAME,Wheelem,Wheelem
ACHIEVEMENT_KILL_LEYENA_NAME,Leyena,Leyena
ACHIEVEMENT_KILL_TRANGFOMA_NAME,Trangfoma,Trangfoma
ACHIEVEMENT_KILL_STEAMWALKER_NAME,Steam Walker,Steam Walker
ACHIEVEMENT_KILL_STEELKNIGHT_NAME,Steel Knight,Steel Knight
ACHIEVEMENT_KILL_ZOMBIGER_NAME,Zombiger,Zombiger
ACHIEVEMENT_KILL_NUTTYWHEEL_NAME,Nuttywheel,Nuttywheel
ACHIEVEMENT_KILL_NUCTUVEHICLE_NAME,Nuctuvehicle,Nuctuvehicle
ACHIEVEMENT_KILL_DRILLER_NAME,Driller,Driller
ACHIEVEMENT_KILL_RISEM_NAME,Risem,Risem
ACHIEVEMENT_KILL_GRRR_NAME,Grrr,Grrr
ACHIEVEMENT_KILL_VOLT_NAME,Volt,Volt
ACHIEVEMENT_KILL_ELDERGUARD_NAME,Elderguard,Elderguard
ACHIEVEMENT_KILL_DUMP_NAME,Dump,Dump
ACHIEVEMENT_KILL_GARBAGEPIDER_NAME,Garbagespider,Garbagespider
ACHIEVEMENT_KILL_ZENMA_NAME,Zenma,Zenma
ACHIEVEMENT_KILL_CRANEMACHINERY_NAME,Crane Machinery,Crane Machinery
ACHIEVEMENT_KILL_NAUTREPY_NAME,Nautrepy,Nautrepy
ACHIEVEMENT_KILL_SYLIACA_NAME,Syliaca,Syliaca
ACHIEVEMENT_KILL_GREEMONG_NAME,Greemong,Greemong
ACHIEVEMENT_KILL_BOO_NAME,Boo,Boo
ACHIEVEMENT_KILL_CARRIERBOMB_NAME,Carrierbomb,Carrierbomb
ACHIEVEMENT_KILL_LONGWANG_NAME,Longwing,Longwing
ACHIEVEMENT_KILL_HOPPRE_NAME,Hoppre,Hoppre
ACHIEVEMENT_KILL_MUSHPOIE_NAME,Mushpoie,Mushpoie
ACHIEVEMENT_KILL_IREN_NAME,Iren,Iren
ACHIEVEMENT_KILL_WATANGKA_NAME,Watangka,Watangka
ACHIEVEMENT_KILL_FAFNIR_NAME,Fafnir,Fafnir
ACHIEVEMENT_KILL_ANTIQUERY_NAME,Antiquery,Antiquery
ACHIEVEMENT_KILL_LUIA_NAME,Luia,Luia
ACHIEVEMENT_KILL_GONGURY_NAME,Gongury,Gongury
ACHIEVEMENT_KILL_SHUHAMMA_NAME,Shuhamma,Shuhamma
ACHIEVEMENT_KILL_KERN_NAME,Kern,Kern
ACHIEVEMENT_KILL_GORRUDA_NAME,Gorruda,Gorruda
ACHIEVEMENT_KILL_GLAPHAN_NAME,Glaphan,Glaphan
ACHIEVEMENT_KILL_KIMERADON_NAME,Chimeradon,Chimeradon
ACHIEVEMENT_KILL_BEARNUCKY_NAME,Bearnerky,Bearnerky
ACHIEVEMENT_KILL_MUFFRIN_NAME,Muffrin,Muffrin
ACHIEVEMENT_KILL_POPCRANK_NAME,Popcrank,Popcrank
ACHIEVEMENT_KILL_CLOCKWORKS_NAME,Clockworks,Clockworks
ACHIEVEMENT_KILL_METEONYKER_NAME,Meteonyker,Meteonyker
ACHIEVEMENT_KILL_MEDUMET_NAME,Medumet,Medumet
ACHIEVEMENT_KILL_YETTI_NAME,Yetti,Yetti
ACHIEVEMENT_KILL_AUGU_NAME,Augu,Augu
ACHIEVEMENT_KILL_GHOSTKING_NAME,Ghost King,Ghost King
ACHIEVEMENT_KILL_MAMMOTH_NAME,Mammoth,Mammoth
ACHIEVEMENT_KILL_ATROX_NAME,Atrox,Atrox
ACHIEVEMENT_KILL_TIGAR_NAME,Tigar,Tigar
ACHIEVEMENT_KILL_MERAL_NAME,Meral,Meral
ACHIEVEMENT_KILL_KINGSTER_NAME,Kingster,Kingster
ACHIEVEMENT_KILL_CREPER_NAME,Creper,Creper
ACHIEVEMENT_KILL_NAGA_NAME,Naga,Naga
ACHIEVEMENT_KILL_DORIAN_NAME,Dorian,Dorian
ACHIEVEMENT_KILL_OKEAN_NAME,Okean,Okean
ACHIEVEMENT_KILL_KRAKEN_NAME,Kraken,Kraken
ACHIEVEMENT_KILL_DREADFIN_NAME,Dreadfin,Dreadfin
ACHIEVEMENT_KILL_DREADSCALE_NAME,Dreadscale,Dreadscale
ACHIEVEMENT_KILL_LUMINFIN_NAME,Luminfin,Luminfin
ACHIEVEMENT_KILL_REDMETEONYKER_NAME,Red Meteonyker,Red Meteonyker
ACHIEVEMENT_KILL_CAVEMANCHIEF_NAME,Caveman Chief,Caveman Chief
ACHIEVEMENT_KILL_TEMPLEGUARDIAN_NAME,Temple Guardian,Temple Guardian
ACHIEVEMENT_KILL_GREATKRAKEN_NAME,Great Kraken,Great Kraken
ACHIEVEMENT_KILL_PYRAMIDGUARDIAN_NAME,Pyramid Guardian,Pyramid Guardian
ACHIEVEMENT_KILL_CRYSTALDEVIL_NAME,Crystal Demon Lord,Crystal Demon Lord
ACHIEVEMENT_KILL_BEASTKINGKHAN_NAME,Beast King Khan,Beast King Khan
ACHIEVEMENT_KILL_SHADEKRITON_NAME,[Shade Lieutenant] Kriton,[Shade Lieutenant] Kriton
ACHIEVEMENT_KILL_PUPPETWOLF_NAME,Hundur Sharpfoot,Hundur Sharpfoot
ACHIEVEMENT_KILL_RYSENTRY_NAME,Samoset,Samoset
ACHIEVEMENT_KILL_RYGUARD_NAME,Kyouchish,Kyouchish
ACHIEVEMENT_KILL_RYARCHER_NAME,Kanonicus,Kanonicus
ACHIEVEMENT_KILL_RYMAGI_NAME,Mage Redcloud,Mage Redcloud
ACHIEVEMENT_KILL_RYWARRIOR_NAME,Taiaha,Taiaha
ACHIEVEMENT_KILL_SKELWOLF_NAME,Hellhound,Hellhound
ACHIEVEMENT_KILL_RYBARGA_NAME,Chief Keokuk,Chief Keokuk
ACHIEVEMENT_KILL_BEHEMOTH03_NAME,[God of Death] Demonic Ankou,[God of Death] Demonic Ankou
ACHIEVEMENT_KILL_AIBATT_LVL1,Aibatt Slayer 1,มือสังหาร Aibatt 1
ACHIEVEMENT_KILL_AIBATT_LVL2,Aibatt Slayer 2,มือสังหาร Aibatt 2
ACHIEVEMENT_KILL_AIBATT_LVL3,Aibatt Slayer 3,มือสังหาร Aibatt 3
ACHIEVEMENT_KILL_AIBATT_LVL4,Aibatt Slayer 4,มือสังหาร Aibatt 4
ACHIEVEMENT_KILL_AIBATT_LVL5,Aibatt Hunter,นักล่า Aibatt
ACHIEVEMENT_KILL_MUSHPANG_LVL1,Mushpang Slayer 1,มือสังหาร Mushpang 1
ACHIEVEMENT_KILL_MUSHPANG_LVL2,Mushpang Slayer 2,มือสังหาร Mushpang 2
ACHIEVEMENT_KILL_MUSHPANG_LVL3,Mushpang Slayer 3,มือสังหาร Mushpang 3
ACHIEVEMENT_KILL_MUSHPANG_LVL4,Mushpang Slayer 4,มือสังหาร Mushpang 4
ACHIEVEMENT_KILL_MUSHPANG_LVL5,Mushpang Hunter,นักล่า Mushpang
ACHIEVEMENT_KILL_BURUDENG_LVL1,Burudeng Slayer 1,มือสังหาร Burudeng 1
ACHIEVEMENT_KILL_BURUDENG_LVL2,Burudeng Slayer 2,มือสังหาร Burudeng 2
ACHIEVEMENT_KILL_BURUDENG_LVL3,Burudeng Slayer 3,มือสังหาร Burudeng 3
ACHIEVEMENT_KILL_BURUDENG_LVL4,Burudeng Slayer 4,มือสังหาร Burudeng 4
ACHIEVEMENT_KILL_BURUDENG_LVL5,Burudeng Hunter,นักล่า Burudeng
ACHIEVEMENT_KILL_PUKEPUKE_LVL1,Pukepuke Slayer 1,มือสังหาร Pukepuke 1
ACHIEVEMENT_KILL_PUKEPUKE_LVL2,Pukepuke Slayer 2,มือสังหาร Pukepuke 2
ACHIEVEMENT_KILL_PUKEPUKE_LVL3,Pukepuke Slayer 3,มือสังหาร Pukepuke 3
ACHIEVEMENT_KILL_PUKEPUKE_LVL4,Pukepuke Slayer 4,มือสังหาร Pukepuke 4
ACHIEVEMENT_KILL_PUKEPUKE_LVL5,Pukepuke Hunter,นักล่า Pukepuke
ACHIEVEMENT_KILL_PEAKYTURTLE_LVL1,Peakyturtle Slayer 1,มือสังหาร Peakyturtle 1
ACHIEVEMENT_KILL_PEAKYTURTLE_LVL2,Peakyturtle Slayer 2,มือสังหาร Peakyturtle 2
ACHIEVEMENT_KILL_PEAKYTURTLE_LVL3,Peakyturtle Slayer 3,มือสังหาร Peakyturtle 3
ACHIEVEMENT_KILL_PEAKYTURTLE_LVL4,Peakyturtle Slayer 4,มือสังหาร Peakyturtle 4
ACHIEVEMENT_KILL_PEAKYTURTLE_LVL5,Peakyturtle Hunter,นักล่า Peakyturtle
ACHIEVEMENT_KILL_DEMIAN_LVL1,Demian Slayer 1,มือสังหาร Demian 1
ACHIEVEMENT_KILL_DEMIAN_LVL2,Demian Slayer 2,มือสังหาร Demian 2
ACHIEVEMENT_KILL_DEMIAN_LVL3,Demian Slayer 3,มือสังหาร Demian 3
ACHIEVEMENT_KILL_DEMIAN_LVL4,Demian Slayer 4,มือสังหาร Demian 4
ACHIEVEMENT_KILL_DEMIAN_LVL5,Demian Hunter,นักล่า Demian
ACHIEVEMENT_KILL_DORIDOMA_LVL1,Doridoma Slayer 1,มือสังหาร Doridoma 1
ACHIEVEMENT_KILL_DORIDOMA_LVL2,Doridoma Slayer 2,มือสังหาร Doridoma 2
ACHIEVEMENT_KILL_DORIDOMA_LVL3,Doridoma Slayer 3,มือสังหาร Doridoma 3
ACHIEVEMENT_KILL_DORIDOMA_LVL4,Doridoma Slayer 4,มือสังหาร Doridoma 4
ACHIEVEMENT_KILL_DORIDOMA_LVL5,Doridoma Hunter,นักล่า Doridoma
ACHIEVEMENT_KILL_LAWOLF_LVL1,Lawolf Slayer 1,มือสังหาร Lawolf 1
ACHIEVEMENT_KILL_LAWOLF_LVL2,Lawolf Slayer 2,มือสังหาร Lawolf 2
ACHIEVEMENT_KILL_LAWOLF_LVL3,Lawolf Slayer 3,มือสังหาร Lawolf 3
ACHIEVEMENT_KILL_LAWOLF_LVL4,Lawolf Slayer 4,มือสังหาร Lawolf 4
ACHIEVEMENT_KILL_LAWOLF_LVL5,Lawolf Hunter,นักล่า Lawolf
ACHIEVEMENT_KILL_FEFERN_LVL1,Fefern Slayer 1,มือสังหาร Fefern 1
ACHIEVEMENT_KILL_FEFERN_LVL2,Fefern Slayer 2,มือสังหาร Fefern 2
ACHIEVEMENT_KILL_FEFERN_LVL3,Fefern Slayer 3,มือสังหาร Fefern 3
ACHIEVEMENT_KILL_FEFERN_LVL4,Fefern Slayer 4,มือสังหาร Fefern 4
ACHIEVEMENT_KILL_FEFERN_LVL5,Fefern Hunter,นักล่า Fefern
ACHIEVEMENT_KILL_NYANGNYANG_LVL1,Nyangnyang Slayer 1,มือสังหาร Nyangnyang 1
ACHIEVEMENT_KILL_NYANGNYANG_LVL2,Nyangnyang Slayer 2,มือสังหาร Nyangnyang 2
ACHIEVEMENT_KILL_NYANGNYANG_LVL3,Nyangnyang Slayer 3,มือสังหาร Nyangnyang 3
ACHIEVEMENT_KILL_NYANGNYANG_LVL4,Nyangnyang Slayer 4,มือสังหาร Nyangnyang 4
ACHIEVEMENT_KILL_NYANGNYANG_LVL5,Nyangnyang Hunter,นักล่า Nyangnyang
ACHIEVEMENT_KILL_BANG_LVL1,Bang Slayer 1,มือสังหาร Bang 1
ACHIEVEMENT_KILL_BANG_LVL2,Bang Slayer 2,มือสังหาร Bang 2
ACHIEVEMENT_KILL_BANG_LVL3,Bang Slayer 3,มือสังหาร Bang 3
ACHIEVEMENT_KILL_BANG_LVL4,Bang Slayer 4,มือสังหาร Bang 4
ACHIEVEMENT_KILL_BANG_LVL5,Bang Hunter,นักล่า Bang
ACHIEVEMENT_KILL_MOTHBEE_LVL1,Mothbee Slayer 1,มือสังหาร Mothbee 1
ACHIEVEMENT_KILL_MOTHBEE_LVL2,Mothbee Slayer 2,มือสังหาร Mothbee 2
ACHIEVEMENT_KILL_MOTHBEE_LVL3,Mothbee Slayer 3,มือสังหาร Mothbee 3
ACHIEVEMENT_KILL_MOTHBEE_LVL4,Mothbee Slayer 4,มือสังหาร Mothbee 4
ACHIEVEMENT_KILL_MOTHBEE_LVL5,Mothbee Hunter,นักล่า Mothbee
ACHIEVEMENT_KILL_WAGSAAC_LVL1,Wagsaac Slayer 1,มือสังหาร Wagsaac 1
ACHIEVEMENT_KILL_WAGSAAC_LVL2,Wagsaac Slayer 2,มือสังหาร Wagsaac 2
ACHIEVEMENT_KILL_WAGSAAC_LVL3,Wagsaac Slayer 3,มือสังหาร Wagsaac 3
ACHIEVEMENT_KILL_WAGSAAC_LVL4,Wagsaac Slayer 4,มือสังหาร Wagsaac 4
ACHIEVEMENT_KILL_WAGSAAC_LVL5,Wagsaac Hunter,นักล่า Wagsaac
ACHIEVEMENT_KILL_FLYBAT_LVL1,Flybat Slayer 1,มือสังหาร Flybat 1
ACHIEVEMENT_KILL_FLYBAT_LVL2,Flybat Slayer 2,มือสังหาร Flybat 2
ACHIEVEMENT_KILL_FLYBAT_LVL3,Flybat Slayer 3,มือสังหาร Flybat 3
ACHIEVEMENT_KILL_FLYBAT_LVL4,Flybat Slayer 4,มือสังหาร Flybat 4
ACHIEVEMENT_KILL_FLYBAT_LVL5,Flybat Hunter,นักล่า Flybat
ACHIEVEMENT_KILL_MIA_LVL1,Mia Slayer 1,มือสังหาร Mia 1
ACHIEVEMENT_KILL_MIA_LVL2,Mia Slayer 2,มือสังหาร Mia 2
ACHIEVEMENT_KILL_MIA_LVL3,Mia Slayer 3,มือสังหาร Mia 3
ACHIEVEMENT_KILL_MIA_LVL4,Mia Slayer 4,มือสังหาร Mia 4
ACHIEVEMENT_KILL_MIA_LVL5,Mia Hunter,นักล่า Mia
ACHIEVEMENT_KILL_MRPUMPKIN_LVL1,Mr. Pumpkin Slayer 1,มือสังหาร Mr. Pumpkin 1
ACHIEVEMENT_KILL_MRPUMPKIN_LVL2,Mr. Pumpkin Slayer 2,มือสังหาร Mr. Pumpkin 2
ACHIEVEMENT_KILL_MRPUMPKIN_LVL3,Mr. Pumpkin Slayer 3,มือสังหาร Mr. Pumpkin 3
ACHIEVEMENT_KILL_MRPUMPKIN_LVL4,Mr. Pumpkin Slayer 4,มือสังหาร Mr. Pumpkin 4
ACHIEVEMENT_KILL_MRPUMPKIN_LVL5,Mr. Pumpkin Hunter,นักล่า Mr. Pumpkin
ACHIEVEMENT_KILL_REDMANTIS_LVL1,Redmantis Slayer 1,มือสังหาร Redmantis 1
ACHIEVEMENT_KILL_REDMANTIS_LVL2,Redmantis Slayer 2,มือสังหาร Redmantis 2
ACHIEVEMENT_KILL_REDMANTIS_LVL3,Redmantis Slayer 3,มือสังหาร Redmantis 3
ACHIEVEMENT_KILL_REDMANTIS_LVL4,Redmantis Slayer 4,มือสังหาร Redmantis 4
ACHIEVEMENT_KILL_REDMANTIS_LVL5,Redmantis Hunter,นักล่า Redmantis
ACHIEVEMENT_KILL_ZENDROS_LVL1,Zendros Slayer 1,มือสังหาร Zendros 1
ACHIEVEMENT_KILL_ZENDROS_LVL2,Zendros Slayer 2,มือสังหาร Zendros 2
ACHIEVEMENT_KILL_ZENDROS_LVL3,Zendros Slayer 3,มือสังหาร Zendros 3
ACHIEVEMENT_KILL_ZENDROS_LVL4,Zendros Slayer 4,มือสังหาร Zendros 4
ACHIEVEMENT_KILL_ZENDROS_LVL5,Zendros Hunter,นักล่า Zendros
ACHIEVEMENT_KILL_JACKTHEHAMMER_LVL1,Jack the Hammer Slayer 1,มือสังหาร Jack the Hammer 1
ACHIEVEMENT_KILL_JACKTHEHAMMER_LVL2,Jack the Hammer Slayer 2,มือสังหาร Jack the Hammer 2
ACHIEVEMENT_KILL_JACKTHEHAMMER_LVL3,Jack the Hammer Slayer 3,มือสังหาร Jack the Hammer 3
ACHIEVEMENT_KILL_JACKTHEHAMMER_LVL4,Jack the Hammer Slayer 4,มือสังหาร Jack the Hammer 4
ACHIEVEMENT_KILL_JACKTHEHAMMER_LVL5,Jack the Hammer Hunter,นักล่า Jack the Hammer
ACHIEVEMENT_KILL_GIGGLEBOX_LVL1,Giggle Box Slayer 1,มือสังหาร Giggle Box 1
ACHIEVEMENT_KILL_GIGGLEBOX_LVL2,Giggle Box Slayer 2,มือสังหาร Giggle Box 2
ACHIEVEMENT_KILL_GIGGLEBOX_LVL3,Giggle Box Slayer 3,มือสังหาร Giggle Box 3
ACHIEVEMENT_KILL_GIGGLEBOX_LVL4,Giggle Box Slayer 4,มือสังหาร Giggle Box 4
ACHIEVEMENT_KILL_GIGGLEBOX_LVL5,Giggle Box Hunter,นักล่า Giggle Box
ACHIEVEMENT_KILL_ROCKMUSCLE_LVL1,Rock Muscle Slayer 1,มือสังหาร Rock Muscle 1
ACHIEVEMENT_KILL_ROCKMUSCLE_LVL2,Rock Muscle Slayer 2,มือสังหาร Rock Muscle 2
ACHIEVEMENT_KILL_ROCKMUSCLE_LVL3,Rock Muscle Slayer 3,มือสังหาร Rock Muscle 3
ACHIEVEMENT_KILL_ROCKMUSCLE_LVL4,Rock Muscle Slayer 4,มือสังหาร Rock Muscle 4
ACHIEVEMENT_KILL_ROCKMUSCLE_LVL5,Rock Muscle Hunter,นักล่า Rock Muscle
ACHIEVEMENT_KILL_BUCROW_LVL1,Bucrow Slayer 1,มือสังหาร Bucrow 1
ACHIEVEMENT_KILL_BUCROW_LVL2,Bucrow Slayer 2,มือสังหาร Bucrow 2
ACHIEVEMENT_KILL_BUCROW_LVL3,Bucrow Slayer 3,Bucrow Slayer 3
ACHIEVEMENT_KILL_BUCROW_LVL4,Bucrow Slayer 4,Bucrow Slayer 4
ACHIEVEMENT_KILL_BUCROW_LVL5,Bucrow Hunter,Bucrow Hunter
ACHIEVEMENT_KILL_NEPARUBA_LVL1,Neparuba Slayer 1,Neparuba Slayer 1
ACHIEVEMENT_KILL_NEPARUBA_LVL2,Neparuba Slayer 2,Neparuba Slayer 2
ACHIEVEMENT_KILL_NEPARUBA_LVL3,Neparuba Slayer 3,Neparuba Slayer 3
ACHIEVEMENT_KILL_NEPARUBA_LVL4,Neparuba Slayer 4,Neparuba Slayer 4
ACHIEVEMENT_KILL_NEPARUBA_LVL5,Neparuba Hunter,Neparuba Hunter
ACHIEVEMENT_KILL_HOBO_LVL1,Hobo Slayer 1,Hobo Slayer 1
ACHIEVEMENT_KILL_HOBO_LVL2,Hobo Slayer 2,Hobo Slayer 2
ACHIEVEMENT_KILL_HOBO_LVL3,Hobo Slayer 3,Hobo Slayer 3
ACHIEVEMENT_KILL_HOBO_LVL4,Hobo Slayer 4,Hobo Slayer 4
ACHIEVEMENT_KILL_HOBO_LVL5,Hobo Hunter,Hobo Hunter
ACHIEVEMENT_KILL_DUMBBULL_LVL1,Dumbbull Slayer 1,Dumbbull Slayer 1
ACHIEVEMENT_KILL_DUMBBULL_LVL2,Dumbbull Slayer 2,Dumbbull Slayer 2
ACHIEVEMENT_KILL_DUMBBULL_LVL3,Dumbbull Slayer 3,Dumbbull Slayer 3
ACHIEVEMENT_KILL_DUMBBULL_LVL4,Dumbbull Slayer 4,Dumbbull Slayer 4
ACHIEVEMENT_KILL_DUMBBULL_LVL5,Dumbbull Hunter,Dumbbull Hunter
ACHIEVEMENT_KILL_TOTEMIA_LVL1,Totemia Slayer 1,Totemia Slayer 1
ACHIEVEMENT_KILL_TOTEMIA_LVL2,Totemia Slayer 2,Totemia Slayer 2
ACHIEVEMENT_KILL_TOTEMIA_LVL3,Totemia Slayer 3,Totemia Slayer 3
ACHIEVEMENT_KILL_TOTEMIA_LVL4,Totemia Slayer 4,Totemia Slayer 4
ACHIEVEMENT_KILL_TOTEMIA_LVL5,Totemia Hunter,Totemia Hunter
ACHIEVEMENT_KILL_CARDPUPPET_LVL1,Cardpuppet Slayer 1,Cardpuppet Slayer 1
ACHIEVEMENT_KILL_CARDPUPPET_LVL2,Cardpuppet Slayer 2,Cardpuppet Slayer 2
ACHIEVEMENT_KILL_CARDPUPPET_LVL3,Cardpuppet Slayer 3,Cardpuppet Slayer 3
ACHIEVEMENT_KILL_CARDPUPPET_LVL4,Cardpuppet Slayer 4,มือสังหาร Cardpuppet 4
ACHIEVEMENT_KILL_CARDPUPPET_LVL5,Cardpuppet Hunter,นักล่า Cardpuppet
ACHIEVEMENT_KILL_FLBYRIGEN_LVL1,Flybrigen Slayer 1,มือสังหาร Flybrigen 1
ACHIEVEMENT_KILL_FLBYRIGEN_LVL2,Flybrigen Slayer 2,มือสังหาร Flybrigen 2
ACHIEVEMENT_KILL_FLBYRIGEN_LVL3,Flybrigen Slayer 3,มือสังหาร Flybrigen 3
ACHIEVEMENT_KILL_FLBYRIGEN_LVL4,Flybrigen Slayer 4,มือสังหาร Flybrigen 4
ACHIEVEMENT_KILL_FLBYRIGEN_LVL5,Flybrigen Hunter,Flybrigen Hunter
ACHIEVEMENT_KILL_TOMBSTONEBEARER_LVL1,Tombstone Bearer Slayer 1,มือสังหาร Tombstone Bearer 1
ACHIEVEMENT_KILL_TOMBSTONEBEARER_LVL2,Tombstone Bearer Slayer 2,มือสังหาร Tombstone Bearer 2
ACHIEVEMENT_KILL_TOMBSTONEBEARER_LVL3,Tombstone Bearer Slayer 3,มือสังหาร Tombstone Bearer 3
ACHIEVEMENT_KILL_TOMBSTONEBEARER_LVL4,Tombstone Bearer Slayer 4,มือสังหาร Tombstone Bearer 4
ACHIEVEMENT_KILL_TOMBSTONEBEARER_LVL5,Tombstone Bearer Hunter,นักล่า Tombstone Bearer
ACHIEVEMENT_KILL_SCOPICON_LVL1,Scorpicon Slayer 1,มือสังหาร Scorpicon 1
ACHIEVEMENT_KILL_SCOPICON_LVL2,Scorpicon Slayer 2,มือสังหาร Scorpicon 2
ACHIEVEMENT_KILL_SCOPICON_LVL3,Scorpicon Slayer 3,มือสังหาร Scorpicon 3
ACHIEVEMENT_KILL_SCOPICON_LVL4,Scorpicon Slayer 4,มือสังหาร Scorpicon 4
ACHIEVEMENT_KILL_SCOPICON_LVL5,Scorpicon Hunter,นักล่า Scorpicon
ACHIEVEMENT_KILL_BASQUE_LVL1,Basque Slayer 1,มือสังหาร Basque 1
ACHIEVEMENT_KILL_BASQUE_LVL2,Basque Slayer 2,มือสังหาร Basque 2
ACHIEVEMENT_KILL_BASQUE_LVL3,Basque Slayer 3,มือสังหาร Basque 3
ACHIEVEMENT_KILL_BASQUE_LVL4,Basque Slayer 4,มือสังหาร Basque 4
ACHIEVEMENT_KILL_BASQUE_LVL5,Basque Hunter,นักล่า Basque
ACHIEVEMENT_KILL_PRANKSTER_LVL1,Prankster Slayer 1,มือสังหาร Prankster 1
ACHIEVEMENT_KILL_PRANKSTER_LVL2,Prankster Slayer 2,มือสังหาร Prankster 2
ACHIEVEMENT_KILL_PRANKSTER_LVL3,Prankster Slayer 3,มือสังหาร Prankster 3
ACHIEVEMENT_KILL_PRANKSTER_LVL4,Prankster Slayer 4,มือสังหาร Prankster 4
ACHIEVEMENT_KILL_PRANKSTER_LVL5,Prankster Hunter,นักล่า Prankster
ACHIEVEMENT_KILL_ROCKEPELLER_LVL1,Rockepeller Slayer 1,มือสังหาร Rockepeller 1
ACHIEVEMENT_KILL_ROCKEPELLER_LVL2,Rockepeller Slayer 2,มือสังหาร Rockepeller 2
ACHIEVEMENT_KILL_ROCKEPELLER_LVL3,Rockepeller Slayer 3,Rockepeller Slayer 3
ACHIEVEMENT_KILL_ROCKEPELLER_LVL4,Rockepeller Slayer 4,Rockepeller Slayer 4
ACHIEVEMENT_KILL_ROCKEPELLER_LVL5,Rockepeller Hunter,Rockepeller Hunter
ACHIEVEMENT_KILL_WHEELEM_LVL1,Wheelem Slayer 1,Wheelem Slayer 1
ACHIEVEMENT_KILL_WHEELEM_LVL2,Wheelem Slayer 2,Wheelem Slayer 2
ACHIEVEMENT_KILL_WHEELEM_LVL3,Wheelem Slayer 3,Wheelem Slayer 3
ACHIEVEMENT_KILL_WHEELEM_LVL4,Wheelem Slayer 4,Wheelem Slayer 4
ACHIEVEMENT_KILL_WHEELEM_LVL5,Wheelem Hunter,Wheelem Hunter
ACHIEVEMENT_KILL_LEYENA_LVL1,Leyena Slayer 1,Leyena Slayer 1
ACHIEVEMENT_KILL_LEYENA_LVL2,Leyena Slayer 2,Leyena Slayer 2
ACHIEVEMENT_KILL_LEYENA_LVL3,Leyena Slayer 3,Leyena Slayer 3
ACHIEVEMENT_KILL_LEYENA_LVL4,Leyena Slayer 4,Leyena Slayer 4
ACHIEVEMENT_KILL_LEYENA_LVL5,Leyena Hunter,Leyena Hunter
ACHIEVEMENT_KILL_TRANGFOMA_LVL1,Trangfoma Slayer 1,Trangfoma Slayer 1
ACHIEVEMENT_KILL_TRANGFOMA_LVL2,Trangfoma Slayer 2,Trangfoma Slayer 2
ACHIEVEMENT_KILL_TRANGFOMA_LVL3,Trangfoma Slayer 3,Trangfoma Slayer 3
ACHIEVEMENT_KILL_TRANGFOMA_LVL4,Trangfoma Slayer 4,Trangfoma Slayer 4
ACHIEVEMENT_KILL_TRANGFOMA_LVL5,Trangfoma Hunter,Trangfoma Hunter
ACHIEVEMENT_KILL_STEAMWALKER_LVL1,Steam Walker Slayer 1,Steam Walker Slayer 1
ACHIEVEMENT_KILL_STEAMWALKER_LVL2,Steam Walker Slayer 2,Steamwalker Slayer 2
ACHIEVEMENT_KILL_STEAMWALKER_LVL3,Steam Walker Slayer 3,Steam Walker Slayer 3
ACHIEVEMENT_KILL_STEAMWALKER_LVL4,Steam Walker Slayer 4,Steam Walker Slayer 4
ACHIEVEMENT_KILL_STEAMWALKER_LVL5,Steam Walker Hunter,Steam Walker Hunter
ACHIEVEMENT_KILL_STEELKNIGHT_LVL1,Steel Knight Slayer 1,Steel Knight Slayer 1
ACHIEVEMENT_KILL_STEELKNIGHT_LVL2,Steel Knight Slayer 2,Steel Knight Slayer 2
ACHIEVEMENT_KILL_STEELKNIGHT_LVL3,Steel Knight Slayer 3,Steel Knight Slayer 3
ACHIEVEMENT_KILL_STEELKNIGHT_LVL4,Steel Knight Slayer 4,Steel Knight Slayer 4
ACHIEVEMENT_KILL_STEELKNIGHT_LVL5,Steel Knight Hunter,Steel Knight Hunter
ACHIEVEMENT_KILL_ZOMBIGER_LVL1,Zombiger Slayer 1,Zombiger Slayer 1
ACHIEVEMENT_KILL_ZOMBIGER_LVL2,Zombiger Slayer 2,Zombiger Slayer 2
ACHIEVEMENT_KILL_ZOMBIGER_LVL3,Zombiger Slayer 3,Zombiger Slayer 3
ACHIEVEMENT_KILL_ZOMBIGER_LVL4,Zombiger Slayer 4,Zombiger Slayer 4
ACHIEVEMENT_KILL_ZOMBIGER_LVL5,Zombiger Hunter,Zombiger Hunter
ACHIEVEMENT_KILL_NUTTYWHEEL_LVL1,Nuttywheel Slayer 1,Nuttywheel Slayer 1
ACHIEVEMENT_KILL_NUTTYWHEEL_LVL2,Nuttywheel Slayer 2,Nuttywheel Slayer 2
ACHIEVEMENT_KILL_NUTTYWHEEL_LVL3,Nuttywheel Slayer 3,Nuttywheel Slayer 3
ACHIEVEMENT_KILL_NUTTYWHEEL_LVL4,Nuttywheel Slayer 4,Nuttywheel Slayer 4
ACHIEVEMENT_KILL_NUTTYWHEEL_LVL5,Nuttywheel Hunter,Nuttywheel Hunter
ACHIEVEMENT_KILL_NUCTUVEHICLE_LVL1,Nuctuvehicle Slayer 1,Nuctuvehicle Slayer 1
ACHIEVEMENT_KILL_NUCTUVEHICLE_LVL2,Nuctuvehicle Slayer 2,Nuctuvehicle Slayer 2
ACHIEVEMENT_KILL_NUCTUVEHICLE_LVL3,Nuctuvehicle Slayer 3,Nuctuvehicle Slayer 3
ACHIEVEMENT_KILL_NUCTUVEHICLE_LVL4,Nuctuvehicle Slayer 4,Nuctuvehicle Slayer 4
ACHIEVEMENT_KILL_NUCTUVEHICLE_LVL5,Nuctuvehicle Hunter,Nuctuvehicle Hunter
ACHIEVEMENT_KILL_DRILLER_LVL1,Driller Slayer 1,Driller Slayer 1
ACHIEVEMENT_KILL_DRILLER_LVL2,Driller Slayer 2,Driller Slayer 2
ACHIEVEMENT_KILL_DRILLER_LVL3,Driller Slayer 3,Driller Slayer 3
ACHIEVEMENT_KILL_DRILLER_LVL4,Driller Slayer 4,Driller Slayer 4
ACHIEVEMENT_KILL_DRILLER_LVL5,Driller Hunter,Driller Hunter
ACHIEVEMENT_KILL_RISEM_LVL1,Risem Slayer 1,Risem Slayer 1
ACHIEVEMENT_KILL_RISEM_LVL2,Risem Slayer 2,Risem Slayer 2
ACHIEVEMENT_KILL_RISEM_LVL3,Risem Slayer 3,Risem Slayer 3
ACHIEVEMENT_KILL_RISEM_LVL4,Risem Slayer 4,Risem Slayer 4 
ACHIEVEMENT_KILL_RISEM_LVL5,Risem Hunter,Risem Hunter
ACHIEVEMENT_KILL_GRRR_LVL1,Grrr Slayer 1,Grrr Slayer 1
ACHIEVEMENT_KILL_GRRR_LVL2,Grrr Slayer 2,Grrr Slayer 2
ACHIEVEMENT_KILL_GRRR_LVL3,Grrr Slayer 3,Grrr Slayer 3
ACHIEVEMENT_KILL_GRRR_LVL4,Grrr Slayer 4,Grrr Slayer 4
ACHIEVEMENT_KILL_GRRR_LVL5,Grrr Hunter,Grrr Hunter
ACHIEVEMENT_KILL_VOLT_LVL1,Volt Slayer 1,Volt Slayer 1
ACHIEVEMENT_KILL_VOLT_LVL2,Volt Slayer 2,Volt Slayer 2
ACHIEVEMENT_KILL_VOLT_LVL3,Volt Slayer 3,Volt Slayer 3
ACHIEVEMENT_KILL_VOLT_LVL4,Volt Slayer 4,Volt Slayer 4
ACHIEVEMENT_KILL_VOLT_LVL5,Volt Hunter,Volt Hunter
ACHIEVEMENT_KILL_ELDERGUARD_LVL1,Elderguard Slayer 1,Elderguard Slayer 1
ACHIEVEMENT_KILL_ELDERGUARD_LVL2,Elderguard Slayer 2,Elderguard Slayer 2
ACHIEVEMENT_KILL_ELDERGUARD_LVL3,Elderguard Slayer 3,Elderguard Slayer 3
ACHIEVEMENT_KILL_ELDERGUARD_LVL4,Elderguard Slayer 4,Elderguard Slayer 4
ACHIEVEMENT_KILL_ELDERGUARD_LVL5,Elderguard Hunter,Elderguard Hunter
ACHIEVEMENT_KILL_DUMP_LVL1,Dump Slayer 1,Dump Slayer 1
ACHIEVEMENT_KILL_DUMP_LVL2,Dump Slayer 2,Dump Slayer 2
ACHIEVEMENT_KILL_DUMP_LVL3,Dump Slayer 3,Dump Slayer 3
ACHIEVEMENT_KILL_DUMP_LVL4,Dump Slayer 4,Dump Slayer 4
ACHIEVEMENT_KILL_DUMP_LVL5,Dump Hunter,Dump Hunter
ACHIEVEMENT_KILL_GARBAGEPIDER_LVL1,Garbagespider Slayer 1,Garbagespider Slayer 1
ACHIEVEMENT_KILL_GARBAGEPIDER_LVL2,Garbagespider Slayer 2,Garbagespider Slayer 2
ACHIEVEMENT_KILL_GARBAGEPIDER_LVL3,Garbagespider Slayer 3,Garbagespider Slayer 3
ACHIEVEMENT_KILL_GARBAGEPIDER_LVL4,Garbagespider Slayer 4,Garbagespider Slayer 4
ACHIEVEMENT_KILL_GARBAGEPIDER_LVL5,Garbagespider Hunter,Garbagespider Hunter
ACHIEVEMENT_KILL_ZENMA_LVL1,Zenma Slayer 1,Zenma Slayer 1
ACHIEVEMENT_KILL_ZENMA_LVL2,Zenma Slayer 2,Zenma Slayer 2
ACHIEVEMENT_KILL_ZENMA_LVL3,Zenma Slayer 3,Zenma Slayer 3
ACHIEVEMENT_KILL_ZENMA_LVL4,Zenma Slayer 4,Zenma Slayer 4
ACHIEVEMENT_KILL_ZENMA_LVL5,Zenma Hunter,Zenma Hunter
ACHIEVEMENT_KILL_CRANEMACHINERY_LVL1,Crane Machinery Slayer 1,Crane Machinery Slayer 1
ACHIEVEMENT_KILL_CRANEMACHINERY_LVL2,Crane Machinery Slayer 2,Crane Machinery Slayer 2
ACHIEVEMENT_KILL_CRANEMACHINERY_LVL3,Crane Machinery Slayer 3,Crane Machinery Slayer 3
ACHIEVEMENT_KILL_CRANEMACHINERY_LVL4,Crane Machinery Slayer 4,Crane Machinery Slayer 4
ACHIEVEMENT_KILL_CRANEMACHINERY_LVL5,Crane Machinery Hunter,Crane Machinery Hunter
ACHIEVEMENT_KILL_NAUTREPY_LVL1,Nautrepy Slayer 1,Nautrepy Slayer 1
ACHIEVEMENT_KILL_NAUTREPY_LVL2,Nautrepy Slayer 2,Nautrepy Slayer 2
ACHIEVEMENT_KILL_NAUTREPY_LVL3,Nautrepy Slayer 3,Nautrepy Slayer 3
ACHIEVEMENT_KILL_NAUTREPY_LVL4,Nautrepy Slayer 4,Nautrepy Slayer 4
ACHIEVEMENT_KILL_NAUTREPY_LVL5,Nautrepy Hunter,Nautrepy Hunter
ACHIEVEMENT_KILL_SYLIACA_LVL1,Syliaca Slayer 1,Syliaca Slayer 1
ACHIEVEMENT_KILL_SYLIACA_LVL2,Syliaca Slayer 2,Syliaca Slayer 2
ACHIEVEMENT_KILL_SYLIACA_LVL3,Syliaca Slayer 3,Syliaca Slayer 3
ACHIEVEMENT_KILL_SYLIACA_LVL4,Syliaca Slayer 4,Syliaca Slayer 4
ACHIEVEMENT_KILL_SYLIACA_LVL5,Syliaca Hunter,Syliaca Hunter
ACHIEVEMENT_KILL_GREEMONG_LVL1,Greemong Slayer 1,Greemong Slayer 1
ACHIEVEMENT_KILL_GREEMONG_LVL2,Greemong Slayer 2,Greemong Slayer 2
ACHIEVEMENT_KILL_GREEMONG_LVL3,Greemong Slayer 3,Greemong Slayer 3
ACHIEVEMENT_KILL_GREEMONG_LVL4,Greemong Slayer 4,Greemong Slayer 4
ACHIEVEMENT_KILL_GREEMONG_LVL5,Greemong Hunter,Greemong Hunter
ACHIEVEMENT_KILL_BOO_LVL1,Boo Slayer 1,Boo Slayer 1
ACHIEVEMENT_KILL_BOO_LVL2,Boo Slayer 2,Boo Slayer 2
ACHIEVEMENT_KILL_BOO_LVL3,Boo Slayer 3,Boo Slayer 3
ACHIEVEMENT_KILL_BOO_LVL4,Boo Slayer 4,Boo Slayer 4
ACHIEVEMENT_KILL_BOO_LVL5,Boo Hunter,Boo Hunter
ACHIEVEMENT_KILL_CARRIERBOMB_LVL1,Carrierbomb Slayer 1,Carrierbomb Slayer 1
ACHIEVEMENT_KILL_CARRIERBOMB_LVL2,Carrierbomb Slayer 2,Carrierbomb Slayer 2
ACHIEVEMENT_KILL_CARRIERBOMB_LVL3,Carrierbomb Slayer 3,Carrierbomb Slayer 3
ACHIEVEMENT_KILL_CARRIERBOMB_LVL4,Carrierbomb Slayer 4,Carrierbomb Slayer 4
ACHIEVEMENT_KILL_CARRIERBOMB_LVL5,Carrierbomb Hunter,Carrierbomb Hunter
ACHIEVEMENT_KILL_LONGWANG_LVL1,Longwing Slayer 1,Longwing Slayer 1
ACHIEVEMENT_KILL_LONGWANG_LVL2,Longwing Slayer 2,Longwing Slayer 2
ACHIEVEMENT_KILL_LONGWANG_LVL3,Longwing Slayer 3,Longwing Slayer 3
ACHIEVEMENT_KILL_LONGWANG_LVL4,Longwing Slayer 4,Longwing Slayer 4
ACHIEVEMENT_KILL_LONGWANG_LVL5,Longwing Hunter,Longwing Hunter
ACHIEVEMENT_KILL_HOPPRE_LVL1,Hoppre Slayer 1,Hoppre Slayer 1
ACHIEVEMENT_KILL_HOPPRE_LVL2,Hoppre Slayer 2,Hoppre Slayer 2
ACHIEVEMENT_KILL_HOPPRE_LVL3,Hoppre Slayer 3,Hoppre Slayer 3
ACHIEVEMENT_KILL_HOPPRE_LVL4,Hoppre Slayer 4,Hoppre Slayer 4
ACHIEVEMENT_KILL_HOPPRE_LVL5,Hoppre Hunter,Hoppre Hunter
ACHIEVEMENT_KILL_MUSHPOIE_LVL1,Mushpoie Slayer 1,Mushpoie Slayer 1
ACHIEVEMENT_KILL_MUSHPOIE_LVL2,Mushpoie Slayer 2,Mushpoie Slayer 2
ACHIEVEMENT_KILL_MUSHPOIE_LVL3,Mushpoie Slayer 3,Mushpoie Slayer 3
ACHIEVEMENT_KILL_MUSHPOIE_LVL4,Mushpoie Slayer 4,Mushpoie Slayer 4
ACHIEVEMENT_KILL_MUSHPOIE_LVL5,Mushpoie Hunter,Mushpoie Hunter
ACHIEVEMENT_KILL_IREN_LVL1,Iren Slayer 1,Iren Slayer 1
ACHIEVEMENT_KILL_IREN_LVL2,Iren Slayer 2,Iren Slayer 2
ACHIEVEMENT_KILL_IREN_LVL3,Iren Slayer 3,Iren Slayer 3
ACHIEVEMENT_KILL_IREN_LVL4,Iren Slayer 4,Iren Slayer 4
ACHIEVEMENT_KILL_IREN_LVL5,Iren Hunter,Iren Hunter
ACHIEVEMENT_KILL_WATANGKA_LVL1,Watangka Slayer 1,Watangka Slayer 1
ACHIEVEMENT_KILL_WATANGKA_LVL2,Watangka Slayer 2,Watangka Slayer 2
ACHIEVEMENT_KILL_WATANGKA_LVL3,Watangka Slayer 3,Watangka Slayer 3
ACHIEVEMENT_KILL_WATANGKA_LVL4,Watangka Slayer 4,Watangka Slayer 4
ACHIEVEMENT_KILL_WATANGKA_LVL5,Watangka Hunter,Watangka Hunter
ACHIEVEMENT_KILL_FAFNIR_LVL1,Fafnir Slayer 1,Fafnir Slayer 1
ACHIEVEMENT_KILL_FAFNIR_LVL2,Fafnir Slayer 2,Fafnir Slayer 2
ACHIEVEMENT_KILL_FAFNIR_LVL3,Fafnir Slayer 3,Fafnir Slayer 3
ACHIEVEMENT_KILL_FAFNIR_LVL4,Fafnir Slayer 4,Fafnir Slayer 4
ACHIEVEMENT_KILL_FAFNIR_LVL5,Fafnir Hunter,Fafnir Hunter
ACHIEVEMENT_KILL_ANTIQUERY_LVL1,Antiquery Slayer 1,Antiquery Slayer 1
ACHIEVEMENT_KILL_ANTIQUERY_LVL2,Antiquery Slayer 2,Antiquery Slayer 2
ACHIEVEMENT_KILL_ANTIQUERY_LVL3,Antiquery Slayer 3,Antiquery Slayer 3
ACHIEVEMENT_KILL_ANTIQUERY_LVL4,Antiquery Slayer 4,Antiquery Slayer 4
ACHIEVEMENT_KILL_ANTIQUERY_LVL5,Antiquery Hunter,Antiquery Hunter
ACHIEVEMENT_KILL_LUIA_LVL1,Luia Slayer 1,Luia Slayer 1
ACHIEVEMENT_KILL_LUIA_LVL2,Luia Slayer 2,Luia Slayer 2
ACHIEVEMENT_KILL_LUIA_LVL3,Luia Slayer 3,Luia Slayer 3
ACHIEVEMENT_KILL_LUIA_LVL4,Luia Slayer 4,Luia Slayer 4
ACHIEVEMENT_KILL_LUIA_LVL5,Luia Hunter,Luia Hunter
ACHIEVEMENT_KILL_GONGURY_LVL1,Gongury Slayer 1,Gongury Slayer 1
ACHIEVEMENT_KILL_GONGURY_LVL2,Gongury Slayer 2,Gongury Slayer 2
ACHIEVEMENT_KILL_GONGURY_LVL3,Gongury Slayer 3,Gongury Slayer 3
ACHIEVEMENT_KILL_GONGURY_LVL4,Gongury Slayer 4,Gongury Slayer 4
ACHIEVEMENT_KILL_GONGURY_LVL5,Gongury Hunter,Gongury Hunter
ACHIEVEMENT_KILL_SHUHAMMA_LVL1,Shuhamma Slayer 1,Shuhamma Slayer 1
ACHIEVEMENT_KILL_SHUHAMMA_LVL2,Shuhamma Slayer 2,Shuhamma Slayer 2
ACHIEVEMENT_KILL_SHUHAMMA_LVL3,Shuhamma Slayer 3,Shuhamma Slayer 3
ACHIEVEMENT_KILL_SHUHAMMA_LVL4,Shuhamma Slayer 4,Shuhamma Slayer 4
ACHIEVEMENT_KILL_SHUHAMMA_LVL5,Shuhamma Hunter,Shuhamma Hunter
ACHIEVEMENT_KILL_KERN_LVL1,Kern Slayer 1,Kern Slayer 1
ACHIEVEMENT_KILL_KERN_LVL2,Kern Slayer 2,Kern Slayer 2
ACHIEVEMENT_KILL_KERN_LVL3,Kern Slayer 3,Kern Slayer 3
ACHIEVEMENT_KILL_KERN_LVL4,Kern Slayer 4,Kern Slayer 4
ACHIEVEMENT_KILL_KERN_LVL5,Kern Hunter,Kern Hunter
ACHIEVEMENT_KILL_GORRUDA_LVL1,Gorruda Slayer 1,Gorruda Slayer 1
ACHIEVEMENT_KILL_GORRUDA_LVL2,Gorruda Slayer 2,Gorruda Slayer 2
ACHIEVEMENT_KILL_GORRUDA_LVL3,Gorruda Slayer 3,Gorruda Slayer 3
ACHIEVEMENT_KILL_GORRUDA_LVL4,Gorruda Slayer 4,Gorruda Slayer 4
ACHIEVEMENT_KILL_GORRUDA_LVL5,Gorruda Hunter,Gorruda Hunter
ACHIEVEMENT_KILL_GLAPHAN_LVL1,Glaphan Slayer 1,Glaphan Slayer 1
ACHIEVEMENT_KILL_GLAPHAN_LVL2,Glaphan Slayer 2,Glaphan Slayer 2
ACHIEVEMENT_KILL_GLAPHAN_LVL3,Glaphan Slayer 3,Glaphan Slayer 3
ACHIEVEMENT_KILL_GLAPHAN_LVL4,Glaphan Slayer 4,Glaphan Slayer 4
ACHIEVEMENT_KILL_GLAPHAN_LVL5,Glaphan Hunter,Glaphan Hunter
ACHIEVEMENT_KILL_KIMERADON_LVL1,Chimeradon Slayer 1,Chimeradon Slayer 1
ACHIEVEMENT_KILL_KIMERADON_LVL2,Chimeradon Slayer 2,Chimeradon Slayer 2
ACHIEVEMENT_KILL_KIMERADON_LVL3,Chimeradon Slayer 3,Chimeradon Slayer 3
ACHIEVEMENT_KILL_KIMERADON_LVL4,Chimeradon Slayer 4,Chimeradon Slayer 4
ACHIEVEMENT_KILL_KIMERADON_LVL5,Chimeradon Hunter,Chimeradon Hunter
ACHIEVEMENT_KILL_BEARNUCKY_LVL1,Bearnerky Slayer 1,Bearnerky Slayer 1
ACHIEVEMENT_KILL_BEARNUCKY_LVL2,Bearnerky Slayer 2,Bearnerky Slayer 2
ACHIEVEMENT_KILL_BEARNUCKY_LVL3,Bearnerky Slayer 3,Bearnerky Slayer 3
ACHIEVEMENT_KILL_BEARNUCKY_LVL4,Bearnerky Slayer 4,Bearnerky Slayer 4
ACHIEVEMENT_KILL_BEARNUCKY_LVL5,Bearnerky Hunter,Bearnerky Hunter
ACHIEVEMENT_KILL_MUFFRIN_LVL1,Muffrin Slayer 1,Muffrin Slayer 1
ACHIEVEMENT_KILL_MUFFRIN_LVL2,Muffrin Slayer 2,Muffrin Slayer 2
ACHIEVEMENT_KILL_MUFFRIN_LVL3,Muffrin Slayer 3,Muffrin Slayer 3
ACHIEVEMENT_KILL_MUFFRIN_LVL4,Muffrin Slayer 4,Muffrin Slayer 4
ACHIEVEMENT_KILL_MUFFRIN_LVL5,Muffrin Hunter,Muffrin Hunter
ACHIEVEMENT_KILL_POPCRANK_LVL1,Popcrank Slayer 1,Popcrank Slayer 1
ACHIEVEMENT_KILL_POPCRANK_LVL2,Popcrank Slayer 2,Popcrank Slayer 2
ACHIEVEMENT_KILL_POPCRANK_LVL3,Popcrank Slayer 3,Popcrank Slayer 3
ACHIEVEMENT_KILL_POPCRANK_LVL4,Popcrank Slayer 4,Popcrank Slayer 4
ACHIEVEMENT_KILL_POPCRANK_LVL5,Popcrank Hunter,Popcrank Hunter
ACHIEVEMENT_KILL_CLOCKWORKS_LVL1,Clockworks Hunter 1,Clockworks Hunter 1
ACHIEVEMENT_KILL_CLOCKWORKS_LVL2,Clockworks Hunter 2,Clockworks Hunter 2
ACHIEVEMENT_KILL_CLOCKWORKS_LVL3,Clockworks Hunter 3,Clockworks Hunter 3
ACHIEVEMENT_KILL_CLOCKWORKS_LVL4,Clockworks Hunter 4,Clockworks Hunter 4
ACHIEVEMENT_KILL_CLOCKWORKS_LVL5,Clockworks Killer,Clockworks Killer
ACHIEVEMENT_KILL_METEONYKER_LVL1,Meteonyker Hunter 1,Meteonyker Hunter 1
ACHIEVEMENT_KILL_METEONYKER_LVL2,Meteonyker Hunter 2,Meteonyker Hunter 2
ACHIEVEMENT_KILL_METEONYKER_LVL3,Meteonyker Hunter 3,Meteonyker Hunter 3
ACHIEVEMENT_KILL_METEONYKER_LVL4,Meteonyker Hunter 4,Meteonyker Hunter 4
ACHIEVEMENT_KILL_METEONYKER_LVL5,Meteonyker Killer,Meteonyker Killer
ACHIEVEMENT_KILL_MEDUMET_LVL1,Medumet Slayer 1,Medumet Slayer 1
ACHIEVEMENT_KILL_MEDUMET_LVL2,Medumet Slayer 2,Medumet Slayer 2
ACHIEVEMENT_KILL_MEDUMET_LVL3,Medumet Slayer 3,Medumet Slayer 3
ACHIEVEMENT_KILL_MEDUMET_LVL4,Medumet Slayer 4,Medumet Slayer 4
ACHIEVEMENT_KILL_MEDUMET_LVL5,Medumet Hunter,Medumet Hunter
ACHIEVEMENT_KILL_YETTI_LVL1,Yetti Slayer 1,Yetti Slayer 1
ACHIEVEMENT_KILL_YETTI_LVL2,Yetti Slayer 2,Yetti Slayer 2
ACHIEVEMENT_KILL_YETTI_LVL3,Yetti Slayer 3,Yetti Slayer 3
ACHIEVEMENT_KILL_YETTI_LVL4,Yetti Slayer 4,Yetti Slayer 4
ACHIEVEMENT_KILL_YETTI_LVL5,Yetti Hunter,Yetti Hunter
ACHIEVEMENT_KILL_AUGU_LVL1,Augu Slayer 1,Augu Slayer 1
ACHIEVEMENT_KILL_AUGU_LVL2,Augu Slayer 2,Augu Slayer 2
ACHIEVEMENT_KILL_AUGU_LVL3,Augu Slayer 3,Augu Slayer 3
ACHIEVEMENT_KILL_AUGU_LVL4,Augu Slayer 4,Augu Slayer 4
ACHIEVEMENT_KILL_AUGU_LVL5,Augu Hunter,Augu Hunter
ACHIEVEMENT_KILL_GHOSTKING_LVL1,Ghost King Slayer 1,Ghost King Slayer 1
ACHIEVEMENT_KILL_GHOSTKING_LVL2,Ghost King Slayer 2,Ghost King Slayer 2
ACHIEVEMENT_KILL_GHOSTKING_LVL3,Ghost King Slayer 3,Ghost King Slayer 3
ACHIEVEMENT_KILL_GHOSTKING_LVL4,Ghost King Slayer 4,Ghost King Slayer 4
ACHIEVEMENT_KILL_GHOSTKING_LVL5,Ghost King Hunter,Ghost King Hunter
ACHIEVEMENT_KILL_MAMMOTH_LVL1,Mammoth Slayer 1,Mammoth Slayer 1
ACHIEVEMENT_KILL_MAMMOTH_LVL2,Mammoth Slayer 2,Mammoth Slayer 2
ACHIEVEMENT_KILL_MAMMOTH_LVL3,Mammoth Slayer 3,Mammoth Slayer 3
ACHIEVEMENT_KILL_MAMMOTH_LVL4,Mammoth Slayer 4,Mammoth Slayer 4
ACHIEVEMENT_KILL_MAMMOTH_LVL5,Mammoth Hunter,Mammoth Hunter
ACHIEVEMENT_KILL_ATROX_LVL1,Atrox Slayer 1,Atrox Slayer 1
ACHIEVEMENT_KILL_ATROX_LVL2,Atrox Slayer 2,Atrox Slayer 2
ACHIEVEMENT_KILL_ATROX_LVL3,Atrox Slayer 3,Atrox Slayer 3
ACHIEVEMENT_KILL_ATROX_LVL4,Atrox Slayer 4,Atrox Slayer 4
ACHIEVEMENT_KILL_ATROX_LVL5,Atrox Hunter,Atrox Hunter
ACHIEVEMENT_KILL_TIGAR_LVL1,Tigar Slayer 1,Tigar Slayer 1
ACHIEVEMENT_KILL_TIGAR_LVL2,Tigar Slayer 2,Tigar Slayer 2
ACHIEVEMENT_KILL_TIGAR_LVL3,Tigar Slayer 3,Tigar Slayer 3
ACHIEVEMENT_KILL_TIGAR_LVL4,Tigar Slayer 4,Tigar Slayer 4
ACHIEVEMENT_KILL_TIGAR_LVL5,Tigar Hunter,Tigar Hunter
ACHIEVEMENT_KILL_MERAL_LVL1,Meral Slayer 1,Meral Slayer 1
ACHIEVEMENT_KILL_MERAL_LVL2,Meral Slayer 2,Meral Slayer 2
ACHIEVEMENT_KILL_MERAL_LVL3,Meral Slayer 3,Meral Slayer 3
ACHIEVEMENT_KILL_MERAL_LVL4,Meral Slayer 4,Meral Slayer 4
ACHIEVEMENT_KILL_MERAL_LVL5,Meral Hunter,Meral Hunter
ACHIEVEMENT_KILL_KINGSTER_LVL1,Kingster Slayer 1,Kingster Slayer 1
ACHIEVEMENT_KILL_KINGSTER_LVL2,Kingster Slayer 2,Kingster Slayer 2
ACHIEVEMENT_KILL_KINGSTER_LVL3,Kingster Slayer 3,Kingster Slayer 3
ACHIEVEMENT_KILL_KINGSTER_LVL4,Kingster Slayer 4,Kingster Slayer 4
ACHIEVEMENT_KILL_KINGSTER_LVL5,Kingster Hunter,Kingster Hunter
ACHIEVEMENT_KILL_CREPER_LVL1,Creper Slayer 1,Creper Slayer 1
ACHIEVEMENT_KILL_CREPER_LVL2,Creper Slayer 2,Creper Slayer 2
ACHIEVEMENT_KILL_CREPER_LVL3,Creper Slayer 3,Creper Slayer 3
ACHIEVEMENT_KILL_CREPER_LVL4,Creper Slayer 4,Creper Slayer 4
ACHIEVEMENT_KILL_CREPER_LVL5,Creper Hunter,Creper Hunter
ACHIEVEMENT_KILL_NAGA_LVL1,Naga Slayer 1,Naga Slayer 1
ACHIEVEMENT_KILL_NAGA_LVL2,Naga Slayer 2,Naga Slayer 2
ACHIEVEMENT_KILL_NAGA_LVL3,Naga Slayer 3,Naga Slayer 3
ACHIEVEMENT_KILL_NAGA_LVL4,Naga Slayer 4,Naga Slayer 4
ACHIEVEMENT_KILL_NAGA_LVL5,Naga Hunter,Naga Hunter
ACHIEVEMENT_KILL_DORIAN_LVL1,Dorian Slayer 1,Dorian Slayer 1
ACHIEVEMENT_KILL_DORIAN_LVL2,Dorian Slayer 2,Dorian Slayer 2
ACHIEVEMENT_KILL_DORIAN_LVL3,Dorian Slayer 3,Dorian Slayer 3
ACHIEVEMENT_KILL_DORIAN_LVL4,Dorian Slayer 4,Dorian Slayer 4
ACHIEVEMENT_KILL_DORIAN_LVL5,Dorian Hunter,Dorian Hunter
ACHIEVEMENT_KILL_OKEAN_LVL1,Okean Slayer 1,Okean Slayer 1
ACHIEVEMENT_KILL_OKEAN_LVL2,Okean Slayer 2,Okean Slayer 2
ACHIEVEMENT_KILL_OKEAN_LVL3,Okean Slayer 3,Okean Slayer 3
ACHIEVEMENT_KILL_OKEAN_LVL4,Okean Slayer 4,Okean Slayer 4
ACHIEVEMENT_KILL_OKEAN_LVL5,Okean Hunter,Okean Hunter
ACHIEVEMENT_KILL_KRAKEN_LVL1,Kraken Slayer 1,Kraken Slayer 1
ACHIEVEMENT_KILL_KRAKEN_LVL2,Kraken Slayer 2,Kraken Slayer 2
ACHIEVEMENT_KILL_KRAKEN_LVL3,Kraken Slayer 3,Kraken Slayer 3
ACHIEVEMENT_KILL_KRAKEN_LVL4,Kraken Slayer 4,Kraken Slayer 4
ACHIEVEMENT_KILL_KRAKEN_LVL5,Kraken Hunter,Kraken Hunter
ACHIEVEMENT_KILL_DREADFIN_LVL1,Dreadfin Slayer 1,Dreadfin Slayer 1
ACHIEVEMENT_KILL_DREADFIN_LVL2,Dreadfin Slayer 2,Dreadfin Slayer 2
ACHIEVEMENT_KILL_DREADFIN_LVL3,Dreadfin Slayer 3,Dreadfin Slayer 3
ACHIEVEMENT_KILL_DREADFIN_LVL4,Dreadfin Slayer 4,Dreadfin Slayer 4
ACHIEVEMENT_KILL_DREADFIN_LVL5,Dreadfin Hunter,Dreadfin Hunter
ACHIEVEMENT_KILL_DREADSCALE_LVL1,Dreadscale Slayer 1,Dreadscale Slayer 1
ACHIEVEMENT_KILL_DREADSCALE_LVL2,Dreadscale Slayer 2,Dreadscale Slayer 2
ACHIEVEMENT_KILL_DREADSCALE_LVL3,Dreadscale Slayer 3,Dreadscale Slayer 3
ACHIEVEMENT_KILL_DREADSCALE_LVL4,Dreadscale Slayer 4,Dreadscale Slayer 4
ACHIEVEMENT_KILL_DREADSCALE_LVL5,Dreadscale Hunter,Dreadscale Hunter
ACHIEVEMENT_KILL_LUMINFIN_LVL1,Luminfin Slayer 1,Luminfin Slayer 1
ACHIEVEMENT_KILL_LUMINFIN_LVL2,Luminfin Slayer 2,Luminfin Slayer 2
ACHIEVEMENT_KILL_LUMINFIN_LVL3,Luminfin Slayer 3,Luminfin Slayer 3
ACHIEVEMENT_KILL_LUMINFIN_LVL4,Luminfin Slayer 4,Luminfin Slayer 4
ACHIEVEMENT_KILL_LUMINFIN_LVL5,Luminfin Hunter,Luminfin Hunter
ACHIEVEMENT_KILL_PUPPETWOLF_LVL1,Hundur Sharpfoot Slayer 1,Hundur Sharpfoot Slayer 1
ACHIEVEMENT_KILL_PUPPETWOLF_LVL2,Hundur Sharpfoot Slayer 2,Hundur Sharpfoot Slayer 2
ACHIEVEMENT_KILL_PUPPETWOLF_LVL3,Hundur Sharpfoot Slayer 3,Hundur Sharpfoot Slayer 3
ACHIEVEMENT_KILL_PUPPETWOLF_LVL4,Hundur Sharpfoot Slayer 4,Hundur Sharpfoot Slayer 4
ACHIEVEMENT_KILL_PUPPETWOLF_LVL5,Hundur Sharpfoot Hunter,Hundur Sharpfoot Hunter
ACHIEVEMENT_KILL_RYSENTRY_LVL1,Samoset Slayer 1,Samoset Slayer 1
ACHIEVEMENT_KILL_RYSENTRY_LVL2,Samoset Slayer 2,Samoset Slayer 2
ACHIEVEMENT_KILL_RYSENTRY_LVL3,Samoset Slayer 3,Samoset Slayer 3
ACHIEVEMENT_KILL_RYSENTRY_LVL4,Samoset Slayer 4,Samoset Slayer 4
ACHIEVEMENT_KILL_RYSENTRY_LVL5,Samoset Hunter,Samoset Hunter
ACHIEVEMENT_KILL_RYGUARD_LVL1,Kyouchish Slayer 1,Kyouchish Slayer 1
ACHIEVEMENT_KILL_RYGUARD_LVL2,Kyouchish Slayer 2,Kyouchish Slayer 2
ACHIEVEMENT_KILL_RYGUARD_LVL3,Kyouchish Slayer 3,Kyouchish Slayer 3
ACHIEVEMENT_KILL_RYGUARD_LVL4,Kyouchish Slayer 4,Kyouchish Slayer 4
ACHIEVEMENT_KILL_RYGUARD_LVL5,Kyouchish Hunter,Kyouchish Hunter
ACHIEVEMENT_KILL_RYARCHER_LVL1,Kanonicus Slayer 1,Kanonicus Slayer 1
ACHIEVEMENT_KILL_RYARCHER_LVL2,Kanonicus Slayer 2,Kanonicus Slayer 2
ACHIEVEMENT_KILL_RYARCHER_LVL3,Kanonicus Slayer 3,Kanonicus Slayer 3
ACHIEVEMENT_KILL_RYARCHER_LVL4,Kanonicus Slayer 4,Kanonicus Slayer 4
ACHIEVEMENT_KILL_RYARCHER_LVL5,Kanonicus Hunter,Kanonicus Hunter
ACHIEVEMENT_KILL_RYMAGI_LVL1,Mage Redcloud Slayer 1,Mage Redcloud Slayer 1
ACHIEVEMENT_KILL_RYMAGI_LVL2,Mage Redcloud Slayer 2,Mage Redcloud Slayer 2
ACHIEVEMENT_KILL_RYMAGI_LVL3,Mage Redcloud Slayer 3,Mage Redcloud Slayer 3
ACHIEVEMENT_KILL_RYMAGI_LVL4,Mage Redcloud Slayer 4,Mage Redcloud Slayer 4
ACHIEVEMENT_KILL_RYMAGI_LVL5,Mage Redcloud Hunter,Mage Redcloud Hunter
ACHIEVEMENT_KILL_RYWARRIOR_LVL1,Taiaha Slayer 1,Taiaha Slayer 1
ACHIEVEMENT_KILL_RYWARRIOR_LVL2,Taiaha Slayer 2,Taiaha Slayer 2
ACHIEVEMENT_KILL_RYWARRIOR_LVL3,Taiaha Slayer 3,Taiaha Slayer 3
ACHIEVEMENT_KILL_RYWARRIOR_LVL4,Taiaha Slayer 4,Taiaha Slayer 4
ACHIEVEMENT_KILL_RYWARRIOR_LVL5,Taiaha Hunter,Taiaha Hunter
ACHIEVEMENT_KILL_SKELWOLF_LVL1,Hellhound Slayer 1,Hellhound Slayer 1
ACHIEVEMENT_KILL_SKELWOLF_LVL2,Hellhound Slayer 2,Hellhound Slayer 2
ACHIEVEMENT_KILL_SKELWOLF_LVL3,Hellhound Slayer 3,Hellhound Slayer 3
ACHIEVEMENT_KILL_SKELWOLF_LVL4,Hellhound Slayer 4,Hellhound Slayer 4
ACHIEVEMENT_KILL_SKELWOLF_LVL5,Hellhound Hunter,Hellhound Hunter
ACHIEVEMENT_KILL_RYBARGA_LVL1,Chief Keokuk Slayer 1,Chief Keokuk Slayer 1
ACHIEVEMENT_KILL_RYBARGA_LVL2,Chief Keokuk Slayer 2,Chief Keokuk Slayer 2
ACHIEVEMENT_KILL_RYBARGA_LVL3,Chief Keokuk Slayer 3,Chief Keokuk Slayer 3
ACHIEVEMENT_KILL_RYBARGA_LVL4,Chief Keokuk Slayer 4,Chief Keokuk Slayer 4
ACHIEVEMENT_KILL_RYBARGA_LVL5,Chief Keokuk Hunter,Chief Keokuk Hunter
ACHIEVEMENT_KILL_REDMETEONYKER_LVL1,Red Meteonyker Hunter 1,Red Meteonyker Hunter 1
ACHIEVEMENT_KILL_REDMETEONYKER_LVL2,Red Meteonyker Hunter 2,Red Meteonyker Hunter 2
ACHIEVEMENT_KILL_REDMETEONYKER_LVL3,Red Meteonyker Hunter 3,Red Meteonyker Hunter 3
ACHIEVEMENT_KILL_REDMETEONYKER_LVL4,Red Meteonyker Hunter 4,Red Meteonyker Hunter 4
ACHIEVEMENT_KILL_REDMETEONYKER_LVL5,Red Meteonyker Killer,Red Meteonyker Killer
ACHIEVEMENT_KILL_CAVEMANCHIEF_LVL1,Caveman Chief Hunter 1,Caveman Chief Hunter 1
ACHIEVEMENT_KILL_CAVEMANCHIEF_LVL2,Caveman Chief Hunter 2,Caveman Chief Hunter 2
ACHIEVEMENT_KILL_CAVEMANCHIEF_LVL3,Caveman Chief Hunter 3,Caveman Chief Hunter 3
ACHIEVEMENT_KILL_CAVEMANCHIEF_LVL4,Caveman Chief Hunter 4,Caveman Chief Hunter 4
ACHIEVEMENT_KILL_CAVEMANCHIEF_LVL5,Caveman Chief Killer,Caveman Chief Killer
ACHIEVEMENT_KILL_TEMPLEGUARDIAN_LVL1,Temple Guardian Hunter 1,Temple Guardian Hunter 1
ACHIEVEMENT_KILL_TEMPLEGUARDIAN_LVL2,Temple Guardian Hunter 2,Temple Guardian Hunter 2
ACHIEVEMENT_KILL_TEMPLEGUARDIAN_LVL3,Temple Guardian Hunter 3,Temple Guardian Hunter 3
ACHIEVEMENT_KILL_TEMPLEGUARDIAN_LVL4,Temple Guardian Hunter 4,Temple Guardian Hunter 4
ACHIEVEMENT_KILL_TEMPLEGUARDIAN_LVL5,Temple Guardian Killer,Temple Guardian Killer
ACHIEVEMENT_KILL_GREATKRAKEN_LVL1,Great Kraken Hunter 1,Great Kraken Hunter 1
ACHIEVEMENT_KILL_GREATKRAKEN_LVL2,Great Kraken Hunter 2,Great Kraken Hunter 2
ACHIEVEMENT_KILL_GREATKRAKEN_LVL3,Great Kraken Hunter 3,Great Kraken Hunter 3
ACHIEVEMENT_KILL_GREATKRAKEN_LVL4,Great Kraken Hunter 4,Great Kraken Hunter 4
ACHIEVEMENT_KILL_GREATKRAKEN_LVL5,Great Kraken Killer,Great Kraken Killer
ACHIEVEMENT_KILL_PYRAMIDGUARDIAN_LVL1,Pyramid Guardian Hunter 1,Pyramid Guardian Hunter 1
ACHIEVEMENT_KILL_PYRAMIDGUARDIAN_LVL2,Pyramid Guardian Hunter 2,Pyramid Guardian Hunter 2
ACHIEVEMENT_KILL_PYRAMIDGUARDIAN_LVL3,Pyramid Guardian Hunter 3,Pyramid Guardian Hunter 3
ACHIEVEMENT_KILL_PYRAMIDGUARDIAN_LVL4,Pyramid Guardian Hunter 4,Pyramid Guardian Hunter 4
ACHIEVEMENT_KILL_PYRAMIDGUARDIAN_LVL5,Pyramid Guardian Killer,Pyramid Guardian Killer
ACHIEVEMENT_KILL_CRYSTALDEVIL_LVL1,Crystal Demon Lord Hunter 1,Crystal Demon Lord Hunter 1
ACHIEVEMENT_KILL_CRYSTALDEVIL_LVL2,Crystal Demon Lord Hunter 2,Crystal Demon Lord Hunter 2
ACHIEVEMENT_KILL_CRYSTALDEVIL_LVL3,Crystal Demon Lord Hunter 3,Crystal Demon Lord Hunter 3
ACHIEVEMENT_KILL_CRYSTALDEVIL_LVL4,Crystal Demon Lord Hunter 4,Crystal Demon Lord Hunter 4
ACHIEVEMENT_KILL_CRYSTALDEVIL_LVL5,Crystal Demon Lord Killer,Crystal Demon Lord Killer
ACHIEVEMENT_KILL_BEASTKINGKHAN_LVL1,Beast King Khan Hunter 1,Beast King Khan Hunter 1
ACHIEVEMENT_KILL_BEASTKINGKHAN_LVL2,Beast King Khan Hunter 2,Beast King Khan Hunter 2
ACHIEVEMENT_KILL_BEASTKINGKHAN_LVL3,Beast King Khan Hunter 3,Beast King Khan Hunter 3
ACHIEVEMENT_KILL_BEASTKINGKHAN_LVL4,Beast King Khan Hunter 4,Beast King Khan Hunter 4
ACHIEVEMENT_KILL_BEASTKINGKHAN_LVL5,Beast King Khan Killer,Beast King Khan Killer
ACHIEVEMENT_KILL_SHADEKRITON_LVL1,[Shade Lieutenant] Kriton Hunter 1,[Shade Lieutenant] Kriton Hunter 1
ACHIEVEMENT_KILL_SHADEKRITON_LVL2,[Shade Lieutenant] Kriton Hunter 2,[Shade Lieutenant] Kriton Hunter 2
ACHIEVEMENT_KILL_SHADEKRITON_LVL3,[Shade Lieutenant] Kriton Hunter 3,[Shade Lieutenant] Kriton Hunter 3
ACHIEVEMENT_KILL_SHADEKRITON_LVL4,[Shade Lieutenant] Kriton Hunter 4,[Shade Lieutenant] Kriton Hunter 4
ACHIEVEMENT_KILL_SHADEKRITON_LVL5,[Shade Lieutenant] Kriton Killer,[Shade Lieutenant] Kriton Killer
ACHIEVEMENT_KILL_BEHEMOTH03_LVL1,[God of Death] Demonic Ankou Hunter 1,[God of Death] Demonic Ankou Hunter 1
ACHIEVEMENT_KILL_BEHEMOTH03_LVL2,[God of Death] Demonic Ankou Hunter 2,[God of Death] Demonic Ankou Hunter 2
ACHIEVEMENT_KILL_BEHEMOTH03_LVL3,[God of Death] Demonic Ankou Hunter 3,[God of Death] Demonic Ankou Hunter 3
ACHIEVEMENT_KILL_BEHEMOTH03_LVL4,[God of Death] Demonic Ankou Hunter 4,[God of Death] Demonic Ankou Hunter 4
ACHIEVEMENT_KILL_BEHEMOTH03_LVL5,[God of Death] Demonic Ankou Killer,[God of Death] Demonic Ankou Killer
ACHIEVEMENT_MONSTER_DESC_COMMON,Defeat these monsters to gain a permanent damage bonus against them.,กำจัดมอนสเตอร์พวกนี้เพื่อที่จะได้รับบัฟโบนัสดาเมจถาวรเมื่อสู้กับพวกมัน
ACHIEVEMENT_KILL_AIBATT_TITLE,Twinkle Star,Twinkle Star
ACHIEVEMENT_KILL_MUSHPANG_TITLE,Fun Guy,Fun Guy
ACHIEVEMENT_KILL_BURUDENG_TITLE,Horned,Horned
ACHIEVEMENT_KILL_PUKEPUKE_TITLE,Hillbilly,Hillbilly
ACHIEVEMENT_KILL_PEAKYTURTLE_TITLE,Snapper,Snapper
ACHIEVEMENT_KILL_DEMIAN_TITLE,Rebel,Rebel
ACHIEVEMENT_KILL_DORIDOMA_TITLE,Seahorserider,Seahorserider
ACHIEVEMENT_KILL_LAWOLF_TITLE,Alpha,Alpha
ACHIEVEMENT_KILL_FEFERN_TITLE,Botanist,Botanist
ACHIEVEMENT_KILL_NYANGNYANG_TITLE,Cute,น่ารัก
ACHIEVEMENT_KILL_BANG_TITLE,Banger,Banger
ACHIEVEMENT_KILL_MOTHBEE_TITLE,Mothbeeter,Mothbeeter
ACHIEVEMENT_KILL_WAGSAAC_TITLE,Sweet,หวาน
ACHIEVEMENT_KILL_FLYBAT_TITLE,Batboy,Batboy
ACHIEVEMENT_KILL_MIA_TITLE,Shackled,Shackled
ACHIEVEMENT_KILL_MRPUMPKIN_TITLE,Scarecrow,Scarecrow
ACHIEVEMENT_KILL_REDMANTIS_TITLE,Predator,Predator
ACHIEVEMENT_KILL_ZENDROS_TITLE,Evil Eye,Evil Eye
ACHIEVEMENT_KILL_JACKTHEHAMMER_TITLE,Jacked,Jacked
ACHIEVEMENT_KILL_GIGGLEBOX_TITLE,Treasure Hunter,Treasure Hunter
ACHIEVEMENT_KILL_ROCKMUSCLE_TITLE,Rock Solid,Rock Solid
ACHIEVEMENT_KILL_BUCROW_TITLE,Banished,Banished
ACHIEVEMENT_KILL_NEPARUBA_TITLE,Buzzkill,Buzzkill
ACHIEVEMENT_KILL_HOBO_TITLE,Vagabond,Vagabond
ACHIEVEMENT_KILL_DUMBBULL_TITLE,Matador,Matador
ACHIEVEMENT_KILL_TOTEMIA_TITLE,Totem,Totem
ACHIEVEMENT_KILL_CARDPUPPET_TITLE,Marionette,Marionette
ACHIEVEMENT_KILL_FLBYRIGEN_TITLE,Angler,Angler
ACHIEVEMENT_KILL_TOMBSTONEBEARER_TITLE,Undertaker,Undertaker
ACHIEVEMENT_KILL_SCOPICON_TITLE,Toxic,ไม่สุภาพ/เป็นพิษ
ACHIEVEMENT_KILL_BASQUE_TITLE,Gunner,Gunner
ACHIEVEMENT_KILL_PRANKSTER_TITLE,Prankster,Prankster
ACHIEVEMENT_KILL_ROCKEPELLER_TITLE,Sky Patrol,Sky Patrol
ACHIEVEMENT_KILL_WHEELEM_TITLE,Speedy,เร็ว
ACHIEVEMENT_KILL_LEYENA_TITLE,Ravenous,Ravenous
ACHIEVEMENT_KILL_TRANGFOMA_TITLE,Charged,ชาร์จ
ACHIEVEMENT_KILL_STEAMWALKER_TITLE,Steampunk,Steampunk
ACHIEVEMENT_KILL_STEELKNIGHT_TITLE,Metalhead,Metalhead
ACHIEVEMENT_KILL_ZOMBIGER_TITLE,Golddigger,Golddigger
ACHIEVEMENT_KILL_NUTTYWHEEL_TITLE,Steamroller,Steamroller
ACHIEVEMENT_KILL_NUCTUVEHICLE_TITLE,Radioactive,Radioactive
ACHIEVEMENT_KILL_DRILLER_TITLE,Screwed,เมา
ACHIEVEMENT_KILL_RISEM_TITLE,Elemental,ธาตุ
ACHIEVEMENT_KILL_GRRR_TITLE,Troll,Troll
ACHIEVEMENT_KILL_VOLT_TITLE,Zapped,Zapped
ACHIEVEMENT_KILL_ELDERGUARD_TITLE,Guardian,Guardian
ACHIEVEMENT_KILL_DUMP_TITLE,Tired,เหนื่อย
ACHIEVEMENT_KILL_GARBAGEPIDER_TITLE,Scrapper,Scrapper
ACHIEVEMENT_KILL_ZENMA_TITLE,Punk,Punk
ACHIEVEMENT_KILL_CRANEMACHINERY_TITLE,Demolisher,Demolisher
ACHIEVEMENT_KILL_NAUTREPY_TITLE,Ace,Ace
ACHIEVEMENT_KILL_SYLIACA_TITLE,Fisherman,Fisherman
ACHIEVEMENT_KILL_GREEMONG_TITLE,Disgusted,รังเกียจ
ACHIEVEMENT_KILL_BOO_TITLE,Boo,Boo
ACHIEVEMENT_KILL_CARRIERBOMB_TITLE,Defuser,Defuser
ACHIEVEMENT_KILL_LONGWANG_TITLE,Devilish,Devilish
ACHIEVEMENT_KILL_HOPPRE_TITLE,Exterminator,Exterminator
ACHIEVEMENT_KILL_MUSHPOIE_TITLE,Spore Collector,Spore Collector
ACHIEVEMENT_KILL_IREN_TITLE,Bloodsucker,Bloodsucker
ACHIEVEMENT_KILL_WATANGKA_TITLE,Shaman,Shaman
ACHIEVEMENT_KILL_FAFNIR_TITLE,Eggcelent,Eggcelent
ACHIEVEMENT_KILL_ANTIQUERY_TITLE,Lumberjack,Lumberjack
ACHIEVEMENT_KILL_LUIA_TITLE,Phoenix,Phoenix
ACHIEVEMENT_KILL_GONGURY_TITLE,Full Metal,Full Metal
ACHIEVEMENT_KILL_SHUHAMMA_TITLE,Destroyer,Destroyer
ACHIEVEMENT_KILL_KERN_TITLE,Rockstar,Rockstar
ACHIEVEMENT_KILL_GORRUDA_TITLE,Ancient,Ancient
ACHIEVEMENT_KILL_GLAPHAN_TITLE,Haunted,Haunted
ACHIEVEMENT_KILL_KIMERADON_TITLE,Chimera,Chimera
ACHIEVEMENT_KILL_BEARNUCKY_TITLE,Cuddly,Cuddly
ACHIEVEMENT_KILL_MUFFRIN_TITLE,Souperman,Souperman
ACHIEVEMENT_KILL_POPCRANK_TITLE,Nightmare,Nightmare
ACHIEVEMENT_KILL_CLOCKWORKS_TITLE,Guardian of Madrigal,Guardian of Madrigal
ACHIEVEMENT_KILL_METEONYKER_TITLE,Dragonslayer,Dragonslayer
ACHIEVEMENT_KILL_MEDUMET_TITLE,Bot,Bot
ACHIEVEMENT_KILL_YETTI_TITLE,Bigfoot,Bigfoot
ACHIEVEMENT_KILL_GHOSTKING_TITLE,Reaper,Reaper
ACHIEVEMENT_KILL_MAMMOTH_TITLE,Prehistoric,Prehistoric
ACHIEVEMENT_KILL_AUGU_TITLE,Sushi Chef,Sushi Chef
ACHIEVEMENT_KILL_ATROX_TITLE,Antlion,Antlion
ACHIEVEMENT_KILL_TIGAR_TITLE,Vicious,Vicious
ACHIEVEMENT_KILL_MERAL_TITLE,Pirate,Pirate
ACHIEVEMENT_KILL_KINGSTER_TITLE,Boiled,เดือด
ACHIEVEMENT_KILL_CREPER_TITLE,Crabby,หงุดหงิด
ACHIEVEMENT_KILL_NAGA_TITLE,Cold Blooded,เลือดเย็น
ACHIEVEMENT_KILL_DORIAN_TITLE,Fishy,น่าสงสัย
ACHIEVEMENT_KILL_OKEAN_TITLE,Waterlogged,เปียกโชก
ACHIEVEMENT_KILL_KRAKEN_TITLE,Sea King,Sea King
ACHIEVEMENT_KILL_DREADFIN_TITLE,Sea Snack,Sea Snack
ACHIEVEMENT_KILL_DREADSCALE_TITLE,Slurp,Slurp
ACHIEVEMENT_KILL_LUMINFIN_TITLE,Lumos,Lumos
ACHIEVEMENT_KILL_PUPPETWOLF_TITLE,Sharp Slayer,Sharp Slayer
ACHIEVEMENT_KILL_RYSENTRY_TITLE,Echowalker,Echowalker
ACHIEVEMENT_KILL_RYGUARD_TITLE,Shadowbrand,Shadowbrand
ACHIEVEMENT_KILL_RYARCHER_TITLE,Judicator,Judicator
ACHIEVEMENT_KILL_RYMAGI_TITLE,Bloodflare,Bloodflare
ACHIEVEMENT_KILL_RYWARRIOR_TITLE,Warchant,Warchant
ACHIEVEMENT_KILL_SKELWOLF_TITLE,Hellborn,Hellborn
ACHIEVEMENT_KILL_RYBARGA_TITLE,Keokai,Keokai
ACHIEVEMENT_KILL_REDMETEONYKER_TITLE,Reduced to Ashes,Reduced to Ashes
ACHIEVEMENT_KILL_CAVEMANCHIEF_TITLE,Cave Dweller,Cave Dweller
ACHIEVEMENT_KILL_TEMPLEGUARDIAN_TITLE,Electrified,ตกใจ
ACHIEVEMENT_KILL_GREATKRAKEN_TITLE,Drowned,จมน้ำ
ACHIEVEMENT_KILL_PYRAMIDGUARDIAN_TITLE,Risen,พื้นคืน
ACHIEVEMENT_KILL_CRYSTALDEVIL_TITLE,Numb,ชา
ACHIEVEMENT_KILL_BEASTKINGKHAN_TITLE,Conqueror of the Wilds,ผู้พิชิตแห่งป่า
ACHIEVEMENT_KILL_SHADEKRITON_TITLE,Shade Hunter,Shade Hunter
ACHIEVEMENT_KILL_BEHEMOTH03_TITLE,God of Death,God of Death
ACHIEVEMENT_JUMP_NAME,Jump,กระโดด
ACHIEVEMENT_JUMP_DESC,Jump a certain number of times.,กระโดดหลายครั้ง
ACHIEVEMENT_JUMP_TITLE,Jump Master,กระโดดระดับมาสเตอร์
ACHIEVEMENT_PLAY_TIME_NAME,Total Play Time,เวลาที่เล่นทั้งหมด
ACHIEVEMENT_PLAY_TIME_DESC,Play for a certain number of hours to earn rewards.,เล่นให้ถึงเวลาที่กำหนด(ชั่วโมง)เพื่อรับรางวัล
ACHIEVEMENT_PLAY_TIME_LVL1,Flyff Novice!,Flyff Novice!
ACHIEVEMENT_PLAY_TIME_LVL2,Flyff Fan!,Flyff Fan!
ACHIEVEMENT_PLAY_TIME_LVL3,Flyff Devotee!,สาวก FlyFF!
ACHIEVEMENT_PLAY_TIME_LVL4,Flyff Enthusiast!,ผู้ที่ชื่นชอบ FlyFF!
ACHIEVEMENT_PLAY_TIME_LVL5,Flyff Addict!,ผู้เสพติด FlyFF !
ACHIEVEMENT_PLAY_TIME_LVL6,Flyff Fanatic!,คลั่งไคล้ FlyFF!
ACHIEVEMENT_PLAY_TIME_TITLE,Flyff Fanatic,ผู้คลั่งไคล้ FlyFF
ACHIEVEMENT_LEVEL_NAME,Level,เลเวล
ACHIEVEMENT_LEVEL_DESC,Reach a certain level to earn rewards.,ไปให้ถึงเลเวลที่กำหนดเพื่อรับรางวัล
ACHIEVEMENT_LEVEL_LVL1,Beginner Level 1,Beginner Level 1
ACHIEVEMENT_LEVEL_LVL2,Beginner Level 2,Beginner Level 1
ACHIEVEMENT_LEVEL_LVL3,Beginner Level 3,Beginner Level 3
ACHIEVEMENT_LEVEL_LVL4,Adept Level 1,Adept Level 1
ACHIEVEMENT_LEVEL_LVL5,Adept Level 2,Adept Level 2
ACHIEVEMENT_LEVEL_LVL6,Adept Level 3,Adept Level 3
ACHIEVEMENT_LEVEL_LVL7,Expert Level 1,Expert Level 1
ACHIEVEMENT_LEVEL_LVL8,Expert Level 2,Expert Level 2
ACHIEVEMENT_LEVEL_LVL9,Expert Level 3,Expert Level 3
ACHIEVEMENT_LEVEL_LVL10,Professional Level 1,Professional Level 1
ACHIEVEMENT_LEVEL_LVL11,Professional Level 2,Professional Level 2
ACHIEVEMENT_LEVEL_LVL12,Professional Level 3,Professional Level 3
ACHIEVEMENT_USE_GRAYPILL_NAME,Gray Pill,Gray Pill
ACHIEVEMENT_USE_GRAYPILL_DESC,"Eat 30,000 Gray Pills.","กิน Gray Pills 30,000 ชิ้น"
ACHIEVEMENT_USE_GRAYPILL_TITLE,Placebo,Placebo
ACHIEVEMENT_USE_YELLOWPILL_NAME,Yellow Pill,Yellow Pill
ACHIEVEMENT_USE_YELLOWPILL_DESC,"Eat 30,000 Yellow Pills.","กิน Yellow Pills 30,000 ชิ้น"
ACHIEVEMENT_USE_YELLOWPILL_TITLE,Hypervitaminosis,Hypervitaminosis
ACHIEVEMENT_USE_BLUEPILL_NAME,Blue Pill,Blue Pill
ACHIEVEMENT_USE_BLUEPILL_DESC,"Eat 30,000 Blue Pills.","กิน Blue Pills 30,000 ชิ้น"
ACHIEVEMENT_USE_BLUEPILL_TITLE,Sleeper,Sleeper
ACHIEVEMENT_USE_REDPILL_NAME,Red Pill,Red Pill
ACHIEVEMENT_USE_REDPILL_DESC,"Eat 30,000 Red Pills.","กิน Red Pills 30,000 ชิ้น"
ACHIEVEMENT_USE_REDPILL_TITLE,Bloody,Bloody
ACHIEVEMENT_USE_GOLDPILL_NAME,Gold Pill,Gold Pill
ACHIEVEMENT_USE_GOLDPILL_DESC,"Eat 30,000 Gold Pills.","กิน Gold Pills 30,000 ชิ้น"
ACHIEVEMENT_USE_GOLDPILL_TITLE,Glimmering,Glimmering
ACHIEVEMENT_USE_LOLLIPOP_NAME,Lollipop,Lollipop
ACHIEVEMENT_USE_LOLLIPOP_DESC,"Eat 200,000 Lollipops.","กิน Lollipops 200,000 ชิ้น"
ACHIEVEMENT_USE_LOLLIPOP_TITLE,Sweet Tooth,Sweet Tooth
ACHIEVEMENT_USE_CHOCOLATE_NAME,Chocolate Bar,Chocolate Bar
ACHIEVEMENT_USE_CHOCOLATE_DESC,"Eat 200,000 Chocolate Bars.","กิน Chocolate Bars 200,000 ชิ้น"
ACHIEVEMENT_USE_CHOCOLATE_TITLE,Chocoholic,Chocoholic
ACHIEVEMENT_USE_MILK_NAME,Milk,Milk
ACHIEVEMENT_USE_MILK_DESC,"Drink 200,000 Cartons of Milk.","ดื่ม Milk 200,000 กล่อง"
ACHIEVEMENT_USE_MILK_TITLE,Legendairy,Legendairy
ACHIEVEMENT_USE_HOTDOG_NAME,Hot Dog,Hot Dog
ACHIEVEMENT_USE_HOTDOG_DESC,"Eat 200,000 Hot Dogs.","กิน Hot Dogs 200,000 ชิ้น"
ACHIEVEMENT_USE_HOTDOG_TITLE,Top Dog,Top Dog
ACHIEVEMENT_USE_PIZZA_NAME,Pizza,Pizza
ACHIEVEMENT_USE_PIZZA_DESC,"Eat 200,000 Pizzas.","กิน Pizzas 200,000 ชิ้น"
ACHIEVEMENT_USE_PIZZA_TITLE,Cheesy,Cheesy
ACHIEVEMENT_USE_KIMBAP_NAME,Kimbap,Kimbap
ACHIEVEMENT_USE_KIMBAP_DESC,"Eat 200,000 Kimbaps.","กิน Kimbaps 200,000 ชิ้น"
ACHIEVEMENT_USE_KIMBAP_TITLE,High Roller,High Roller
ACHIEVEMENT_USE_CHICKENSTICK_NAME,Chicken Stick,Chicken Stick
ACHIEVEMENT_USE_CHICKENSTICK_DESC,"Eat 200,000 Chicken Sticks.","กิน Chicken Sticks 200,000 ชิ้น"
ACHIEVEMENT_USE_CHICKENSTICK_TITLE,Spicy,Spicy
ACHIEVEMENT_USE_STARCANDY_NAME,Star Candy,Star Candy
ACHIEVEMENT_USE_STARCANDY_DESC,"Eat 200,000 Star Candies.","กิน Star Candy 200,000 ชิ้น"
ACHIEVEMENT_USE_STARCANDY_TITLE,Starstruck,Starstruck
ACHIEVEMENT_USE_MEATSKEWER_NAME,Meat Skewer,Meat Skewer
ACHIEVEMENT_USE_MEATSKEWER_DESC,"Eat 200,000 Meat Skewers.","กิน Meat Skewers 200,000 ชิ้น"
ACHIEVEMENT_USE_MEATSKEWER_TITLE,Carnivore,Carnivore
ACHIEVEMENT_USE_BARBECUE_NAME,Barbecue,Barbecue
ACHIEVEMENT_USE_BARBECUE_DESC,"Eat 200,000 Barbecues.","กิน Barbecues 200,000 ชิ้น"
ACHIEVEMENT_USE_BARBECUE_TITLE,Grillmaster,Grillmaster
ACHIEVEMENT_USE_SEAFOODPANCAKE_NAME,Seafood Pancake,Seafood Pancake
ACHIEVEMENT_USE_SEAFOODPANCAKE_DESC,"Eat 200,000 Seafood Pancakes.","กิน Seafood Pan Cakes 200,000 ชิ้น"
ACHIEVEMENT_USE_SEAFOODPANCAKE_TITLE,Surfer,Surfer
ACHIEVEMENT_USE_FISHSOUP_NAME,Fish Soup,Fish Soup
ACHIEVEMENT_USE_FISHSOUP_DESC,"Eat 200,000 Fish Soups.","กิน Fish Soups 200,000 ชิ้น"
ACHIEVEMENT_USE_FISHSOUP_TITLE,Catfish,Catfish
ACHIEVEMENT_USE_SAUSAGECASSEROLE_NAME,Sausage Casserole,Sausage Casserole
ACHIEVEMENT_USE_SAUSAGECASSEROLE_DESC,"Eat 200,000 Sausage Casseroles.","กิน Sausage Casseroles 200,000 ชิ้น"
ACHIEVEMENT_USE_SAUSAGECASSEROLE_TITLE,Sausage Connoisseur,Sausage Connoisseur
ACHIEVEMENT_USE_FISHSTEW_NAME,Fish Stew,Fish Stew
ACHIEVEMENT_USE_FISHSTEW_DESC,"Eat 200,000 Fish Stews.","กิน Fish Stews 200,000 ชื้น"
ACHIEVEMENT_USE_FISHSTEW_TITLE,Stranded,Stranded
ACHIEVEMENT_USE_STEAMEDSEAFOOD_NAME,Steamed Seafood,Steamed Seafood
ACHIEVEMENT_USE_STEAMEDSEAFOOD_DESC,"Eat 200,000 Steamed Seafood.","กิน Steamed Seafood 200,000 ชิ้น"
ACHIEVEMENT_USE_STEAMEDSEAFOOD_TITLE,Steamy,Steamy
ACHIEVEMENT_USE_MEATSALAD_NAME,Meat Salad,Meat Salad
ACHIEVEMENT_USE_MEATSALAD_DESC,"Eat 200,000 Meat Salads.","กิน Meat Salads 200,000 ชิ้น"
ACHIEVEMENT_USE_MEATSALAD_TITLE,Omnivore,Omnivore
ACHIEVEMENT_USE_GRATIN_NAME,Gratin,Gratin
ACHIEVEMENT_USE_GRATIN_DESC,"Eat 200,000 Gratins.","กิน Gratins 200,000 ชิ้น"
ACHIEVEMENT_USE_GRATIN_TITLE,Shattered,Shattered
ACHIEVEMENT_USE_SEAFOODPIZZA_NAME,Seafood Pizza,Seafood Pizza
ACHIEVEMENT_USE_SEAFOODPIZZA_DESC,"Eat 200,000 Seafood Pizzas.","กิน Seafood Pizzas 200,000 ชิ้น"
ACHIEVEMENT_USE_SEAFOODPIZZA_TITLE,Salty,Salty
ACHIEVEMENT_USE_ORANGEJUICE_NAME,Orange Juice,Orange Juice
ACHIEVEMENT_USE_ORANGEJUICE_DESC,"Drink 200,000 Cups of Orange Juice.","ดื่ม Orange Juice 200,000 แก้ว"
ACHIEVEMENT_USE_ORANGEJUICE_TITLE,Juicy,Juicy
ACHIEVEMENT_USE_STRAWBERRYSHAKE_NAME,Strawberry Shake,Strawberry Shake
ACHIEVEMENT_USE_STRAWBERRYSHAKE_DESC,"Eat 200,000 Strawberry Shakes.","กิน Strawberry Shakes 200,000 ชิ้น"
ACHIEVEMENT_USE_STRAWBERRYSHAKE_TITLE,Sweetheart,Sweetheart
ACHIEVEMENT_USE_PINEAPPLECONE_NAME,Pineapple Cone,Pineapple Cone
ACHIEVEMENT_USE_PINEAPPLECONE_DESC,"Eat 200,000 Pineapple Cones.","กิน Pineapple Cones 200,000 ชิ้น"
ACHIEVEMENT_USE_PINEAPPLECONE_TITLE,Fresh,Fresh
ACHIEVEMENT_USE_BANANAJUJUBAR_NAME,Banana Jujubar,Banana Jujubar
ACHIEVEMENT_USE_BANANAJUJUBAR_DESC,"Eat 200,000 Banana Jujubars.","กิน Banana Jujubars 200,000 ชิ้น"
ACHIEVEMENT_USE_BANANAJUJUBAR_TITLE,Appealing,Appealing
ACHIEVEMENT_USE_FRUITJUICE_NAME,Fruit Juice,Fruit Juice
ACHIEVEMENT_USE_FRUITJUICE_DESC,"Drink 200,000 Fruit Juices.","ดื่ม Fruit Juices 200,000 ชิ้น"
ACHIEVEMENT_USE_FRUITJUICE_TITLE,Fruity,Fruity
ACHIEVEMENT_USE_FRUITICEWATER_NAME,Fruit Icewater,Fruit Icewater
ACHIEVEMENT_USE_FRUITICEWATER_DESC,"Eat 200,000 Fruit Icewaters.","กิน Fruit Icewaters 200,000 Fruit ชิ้น"
ACHIEVEMENT_USE_FRUITICEWATER_TITLE,Cool,Cool
ACHIEVEMENT_USE_FRUITPARFAIT_NAME,Fruit Parfait,Fruit Parfait
ACHIEVEMENT_USE_FRUITPARFAIT_DESC,"Eat 200,000 Fruit Parfaits.","กิน Fruit Parfaits 200,000 ชิ้น"
ACHIEVEMENT_USE_FRUITPARFAIT_TITLE,Pure,Pure
ACHIEVEMENT_USE_FRUITSHERBET_NAME,Fruit Sherbet,Fruit Sherbet
ACHIEVEMENT_USE_FRUITSHERBET_DESC,"Eat 200,000 Fruit Sherbets.","กิน Fruit Sherbets 200,000 ชิ้น"
ACHIEVEMENT_USE_FRUITSHERBET_TITLE,Icy,Icy
ACHIEVEMENT_USE_ICECREAMCAKE_NAME,Icecream Cake,Icecream Cake
ACHIEVEMENT_USE_ICECREAMCAKE_DESC,"Eat 200,000 Icecream Cakes.","กิน Icecream Cakes 200,000 ชิ้น"
ACHIEVEMENT_USE_ICECREAMCAKE_TITLE,Chilled,Chilled
ACHIEVEMENT_USE_BISCUIT_NAME,Biscuit,Biscuit
ACHIEVEMENT_USE_BISCUIT_DESC,"Eat 200,000 Biscuits.","กิน Biscuits 200,000 ชิ้น"
ACHIEVEMENT_USE_BISCUIT_TITLE,Baker,Baker
ACHIEVEMENT_USE_CORAL_ISLAND_CURRY_NAME,Coral Island Curry,แกงกระหรี่ Coral Island
ACHIEVEMENT_USE_CORAL_ISLAND_CURRY_DESC,"Eat 50,000 Coral Island Curries.","กินแกงกระหรี่ Coral Island 50,000 จาน"
ACHIEVEMENT_USE_CORAL_ISLAND_CURRY_TITLE,Saucy,ไม่มีมารยาท
ACHIEVEMENT_USE_FRUIT_PUNCH_NAME,Fruit Punch,Fruit Punch
ACHIEVEMENT_USE_FRUIT_PUNCH_DESC,"Eat 200,000 Fruit Punch.","Eat 200,000 Fruit Punch."
ACHIEVEMENT_USE_FRUIT_PUNCH_TITLE,Punta Cana,Punta Cana
ACHIEVEMENT_USE_TUNASUSHI_NAME,Tuna Sushi,Tuna Sushi
ACHIEVEMENT_USE_TUNASUSHI_DESC,"Eat 200,000 Tuna Sushi.","Eat 200,000 Tuna Sushi."
ACHIEVEMENT_USE_TUNASUSHI_TITLE,Soy Sauce,Soy Sauce
ACHIEVEMENT_STAT_STRENGTH_NAME,Strength,Strength
ACHIEVEMENT_STAT_STRENGTH_DESC,Get 253 BASE STR.,ได้รับ 253 BASE STR
ACHIEVEMENT_STAT_STRENGTH_TITLE,Mighty,Mighty
ACHIEVEMENT_STAT_STAMINA_NAME,Stamina,Stamina
ACHIEVEMENT_STAT_STAMINA_DESC,Get 253 BASE STA.,ได้รับ 253 BASE STA.
ACHIEVEMENT_STAT_STAMINA_TITLE,Immortal,Immortal
ACHIEVEMENT_STAT_DEXTERITY_NAME,Dexterity,Dexterity
ACHIEVEMENT_STAT_DEXTERITY_DESC,Get 253 BASE DEX.,ได้รับ 253 BASE DEX.
ACHIEVEMENT_STAT_DEXTERITY_TITLE,Nimble,Nimble
ACHIEVEMENT_STAT_INTELLIGENCE_NAME,Intelligence,Intelligence
ACHIEVEMENT_STAT_INTELLIGENCE_DESC,Get 253 BASE INT.,ได้รับ 253 BASE INT.
ACHIEVEMENT_STAT_INTELLIGENCE_TITLE,Sage,Sage
ACHIEVEMENT_DAILY_PLAY_TIME_NAME,Daily Playtime,เวลาเล่นประจำวัน
ACHIEVEMENT_DAILY_PLAY_TIME_DESC,"Unlock rewards at 10, 20, 30, and 40 minutes of playtime. Resets daily at midnight.","เล่น 10, 20, 30 และ 40 นาทีในแต่ละวันเพื่อรับรางวัล รีเซ็ตตอนเที่ยงคืน"
ACHIEVEMENT_DAILY_PLAY_TIME_LVL1,10 min,10 นาที
ACHIEVEMENT_DAILY_PLAY_TIME_LVL2,20 min,20 นาที
ACHIEVEMENT_DAILY_PLAY_TIME_LVL3,30 min,30 นาที
ACHIEVEMENT_DAILY_PLAY_TIME_LVL4,40 min,40 นาที
ACHIEVEMENT_CONNECTION_SERIES_NAME,Login Streak,การเชื่อมต่อ series
ACHIEVEMENT_CONNECTION_SERIES_DESC,Log in on consecutive days to unlock increasing daily rewards. Missing a day resets the streak. Resets at midnight.,เข้าสู่ระบบหลายวันติดต่อกันเพื่อรับรางวัล รีเซ็ตตอนเที่ยงคืน
ACHIEVEMENT_CONNECTION_SERIES_LVL1,Day 1,Day 1
ACHIEVEMENT_CONNECTION_SERIES_LVL2,Day 2,Day 2
ACHIEVEMENT_CONNECTION_SERIES_LVL3,Day 3,Day 3
ACHIEVEMENT_CONNECTION_SERIES_LVL4,Day 4,Day 4
ACHIEVEMENT_CONNECTION_SERIES_LVL5,Day 5,Day 5
ACHIEVEMENT_TOTAL_CONNECTION_NAME,Login Rewards,การเชื่อมต่อทั้งหมด
ACHIEVEMENT_TOTAL_CONNECTION_DESC,Unlock a reward for each day you log in.,เข้าสู่ระบบตามจำนวนครั้งเพื่อรับรางวัล
ACHIEVEMENT_TOTAL_CONNECTION_LVL1,Day 1,วันที่1
ACHIEVEMENT_TOTAL_CONNECTION_LVL2,Day 2,วันที่2
ACHIEVEMENT_TOTAL_CONNECTION_LVL3,Day 3,วันที่3
ACHIEVEMENT_TOTAL_CONNECTION_LVL4,Day 4,วันที่4
ACHIEVEMENT_TOTAL_CONNECTION_LVL5,Day 5,วันที่5
ACHIEVEMENT_TOTAL_CONNECTION_LVL6,Day 6,วันที่6
ACHIEVEMENT_TOTAL_CONNECTION_LVL7,Day 7,วันที่7
ACHIEVEMENT_TOTAL_CONNECTION_LVL11,Day 8,วันที่8
ACHIEVEMENT_TOTAL_CONNECTION_LVL12,Day 9,วันที่9
ACHIEVEMENT_TOTAL_CONNECTION_LVL13,Day 10,วันที่10
ACHIEVEMENT_TOTAL_CONNECTION_LVL14,Day 11,วันที่11
ACHIEVEMENT_TOTAL_CONNECTION_LVL15,Day 12,วันที่12
ACHIEVEMENT_TOTAL_CONNECTION_LVL16,Day 13,วันที่13
ACHIEVEMENT_TOTAL_CONNECTION_LVL8,Day 14,วันที่14
ACHIEVEMENT_TOTAL_CONNECTION_LVL17,Day 15,วันที่15
ACHIEVEMENT_TOTAL_CONNECTION_LVL18,Day 16,วันที่16
ACHIEVEMENT_TOTAL_CONNECTION_LVL19,Day 17,วันที่17
ACHIEVEMENT_TOTAL_CONNECTION_LVL20,Day 18,วันที่18
ACHIEVEMENT_TOTAL_CONNECTION_LVL21,Day 19,วันที่19
ACHIEVEMENT_TOTAL_CONNECTION_LVL22,Day 20,วันที่20
ACHIEVEMENT_TOTAL_CONNECTION_LVL9,Day 21,วันที่21
ACHIEVEMENT_TOTAL_CONNECTION_LVL23,Day 22,วันที่22
ACHIEVEMENT_TOTAL_CONNECTION_LVL24,Day 23,23
ACHIEVEMENT_TOTAL_CONNECTION_LVL25,Day 24,วันที่24
ACHIEVEMENT_TOTAL_CONNECTION_LVL26,Day 25,วันที่25 
ACHIEVEMENT_TOTAL_CONNECTION_LVL27,Day 26,วันที่26
ACHIEVEMENT_TOTAL_CONNECTION_LVL28,Day 27,วันที่27
ACHIEVEMENT_TOTAL_CONNECTION_LVL29,Day 28,วันที่28
ACHIEVEMENT_TOTAL_CONNECTION_LVL10,Day 30,วันที่30
ACHIEVEMENT_SKILL_RESURRECTION_NAME,Savior,Savior
ACHIEVEMENT_SKILL_RESURRECTION_DESC,"Resurrect 1,000 players.","ชุบชีวิตผู้เล่น 1,000 คน"
ACHIEVEMENT_ALPHA_TESTER_NAME,Alpha Tester Reward,รางวัล Alpha Tester 
ACHIEVEMENT_ALPHA_TESTER_DESC,A unique reward for players who participated in the FlyForFun.io Alpha Test in 2019!,รางวัลพิเศษเฉพาะสำหรับผู้เล่นที่เข้าร่วมการทดสอบ FlyForFun.io Alpha Test ในปี 2019!
ACHIEVEMENT_ALPHA_TESTER_TITLE,Alpha Tester,Alpha Tester
ACHIEVEMENT_BETA_TESTER_NAME,Beta Tester Reward,รางวัล Beta Tester 
ACHIEVEMENT_BETA_TESTER_DESC,A unique reward for players who reached level 40 in Flyff Project M!,รางวัลเฉพาะสำหรับผู้เล่นที่ถึงเลเวล 40 ใน Flyff Project M!
ACHIEVEMENT_BETA_TESTER_TITLE,Beta Tester,Beta Tester
ACHIEVEMENT_HATCHING_EGG_NAME,Egg Hatcher,นักฟักไข่
ACHIEVEMENT_HATCHING_EGG_DESC,Hatch 100 eggs.,ฟักไข่ 100 ฟอง
ACHIEVEMENT_HATCHING_EGG_TITLE,Master Hatcher,นักฟักไข่ระดับมาสเตอร์
ACHIEVEMENT_FLYFFIPEDIA_NAME,Flyffipedia Creator,Flyffipedia Creator
ACHIEVEMENT_FLYFFIPEDIA_DESC,A unique reward for the player who created Flyffipedia. Thanks Swaight!,รางวัลพิเศษเฉพาะสำหรับผู้เล่นที่สร้าง Flyffipedia ขอบคุณSwaight!
ACHIEVEMENT_FLYFFIPEDIA_TITLE,Flyffipedia,Flyffipedia
ACHIEVEMENT_TRANSLATOR_NAME,Translator Reward,รางวัลนักแปล
ACHIEVEMENT_TRANSLATOR_DESC,A unique reward for players who help translate the game.,รางวัลพิเศษเฉพาะสำหรับผู้เล่นที่ช่วยสร้างการแปลเกม
ACHIEVEMENT_TRANSLATOR_TITLE,Translator,นักแปล
ACHIEVEMENT_MASTER60_NAME,Master 60 - 70,Master 60 - 70
ACHIEVEMENT_MASTER60_DESC,Complete the first Master Quest.,ทำเควสแรกระดับมาสเตอร์ให้สำเร็จ
ACHIEVEMENT_MASTER70_NAME,Master 70 - 80,Master 70 - 80
ACHIEVEMENT_MASTER70_DESC,Complete the second Master Quest.,ทำเควสที่สองระดับมาสเตอร์ให้สำเร็จ
ACHIEVEMENT_MASTER80_NAME,Master 80 - 90,Master 80 - 90
ACHIEVEMENT_MASTER80_DESC,Complete the third Master Quest.,ทำเควสที่สามระดับมาสเตอร์ให้สำเร็จ
ACHIEVEMENT_MASTER90_NAME,Master 90 - 100,Master 90 - 100
ACHIEVEMENT_MASTER90_DESC,Complete the fourth Master Quest.,ทำเควสที่สี่ระดับมาสเตอร์ให้สำเร็จ
ACHIEVEMENT_MASTER100_NAME,Master 100 - 110,Master 100 - 110
ACHIEVEMENT_MASTER100_DESC,Complete the fifth Master Quest.,ทำเควสที่ห้าระดับมาสเตอร์ให้สำเร็จ
ACHIEVEMENT_MASTER110_NAME,Master 110 - 120,Master 110 - 120
ACHIEVEMENT_MASTER110_DESC,Complete the final Master Quest.,ทำเควสสุดท้ายระดับมาสเตอร์ให้สำเร็จ
ACHIEVEMENT_MASTER120_NAME,Hero,ผู้กล้า
ACHIEVEMENT_MASTER120_NAME2,Hero 120 - 125,Hero 120 - 125
ACHIEVEMENT_MASTER120_DESC,Complete the first Hero Quest.,ทำเควสผู้กล้าสำเร็จ
ACHIEVEMENT_FWCPARTICIPANT_NAME,FWC Participant,ผู้เข้าร่วม FWC 
ACHIEVEMENT_FWCPARTICIPANT_DESC,Reach level 16 in the 2023 Flyff World Championship.,ไปถึง Flyff World Championship level 16
ACHIEVEMENT_FWCHERO_NAME,FWC Contender,คู่แข่ง FWC
ACHIEVEMENT_FWCHERO_DESC,Reach level 120 in the 2023 Flyff World Championship.,ไปถึง Flyff World Championship level 120
ACHIEVEMENT_FWCPVPSECOND_NAME,FWC Arena 2nd,FWC Arena 2nd
ACHIEVEMENT_FWCPVPSECOND_DESC,Get second place in the 2023 Flyff World Championship PvP Competition.,ได้ที่ 2 ในการแข่ง Flyff World Championship PvP Competition
ACHIEVEMENT_FWCPVPTHIRD_NAME,FWC Arena 3rd,FWC Arena 3rd
ACHIEVEMENT_FWCPVPTHIRD_DESC,Get third place in the 2023 Flyff World Championship PvP Competition.,ได้ที่ 3 ในการแข่ง Flyff World Championship PvP Competition
ACHIEVEMENT_FWCPVPWINNER_NAME,FWC Arena Champion,FWC Arena Champion
ACHIEVEMENT_FWCPVPWINNER_DESC,Win the 2023 Flyff World Championship PvP Competition.,ชนะการแข่ง Flyff World Championship PvP competition
ACHIEVEMENT_FWCPVECHAMPION_NAME,FWC Colosseum Champion,FWC Colosseum Champion
ACHIEVEMENT_FWCPVECHAMPION_DESC,Win the 2023 Flyff World Championship PvE Competition.,ชนะการแข่ง Flyff World Championship PvE
ACHIEVEMENT_FWCPVESECOND_NAME,FWC Colosseum 2nd,FWC Colosseum 2nd
ACHIEVEMENT_FWCPVESECOND_DESC,Get second place in the 2023 Flyff World Championship PvE Competition.,ได้ที่ 2 ในการแข่ง Flyff World Championship PvE
ACHIEVEMENT_FWCPVETHIRD_NAME,FWC Colosseum 3rd,FWC Colosseum 3rd
ACHIEVEMENT_FWCPVETHIRD_DESC,Get third place in the 2023 Flyff World Championship PvE Competition.,ได้ที่ 3 การแข่ง Flyff World Championship PvE
ACHIEVEMENT_ROULETTE_1,First Daily Login,การเชื่อมต่อครั้งแรก
ACHIEVEMENT_ROULETTE_2,Play 2 hours,เล่น 2 ชั่วโมง
ACHIEVEMENT_ROULETTE_3,Play 4 hours,เล่น 4 ชั่วโมง
ACHIEVEMENT_ROULETTE_4,Play 6 hours,เล่น 6 ชั่วโมง
ACHIEVEMENT_ROULETTE_5,Play 8 hours,เล่น 8 ชั่วโมง
ACHIEVEMENT_ROULETTE_6,Play 10 hours,เล่น 10 ชั่วโมง
ACHIEVEMENT_ROULETTE_7,Play 12 hours,เล่น 12 ชั่วโมง
ACHIEVEMENT_ROULETTE_8,Play 14 hours,เล่น 14 ชั่วโมง
ACHIEVEMENT_ROULETTE_9,Play 16 hours,เล่น 16 ชั่วโมง
ACHIEVEMENT_ROULETTE_10,Play 18 hours,เล่น 18 ชั่วโมง
ACHIEVEMENT_ROULETTE_11,Play 20 hours,เล่น 20 ชั่วโมง
ACHIEVEMENT_ROULETTE_12,Play 22 hours,เล่น 22 ชั่วโมง
ACHIEVEMENT_RETURNING_TITLE,Homecoming Daily Login,การเข้าร่วมงานคืนสู่เหย้า
ACHIEVEMENT_RETURNING_DESC,You haven't logged in for a long time! Log in every day to receive rewards! Welcome back!,คุณไม่ได้เข้าเกมมาเป็นเวลานาน เข้าเกมทุกวันเพื่อได้รับรางวัล ขอบคุณการมาพบกับเราใหม่!
ACHIEVEMENT_RAINBOWRACE_NAME,Rainbow Race Winner,ผุ้ชนะการแข่งขัน Rainbow Race
ACHIEVEMENT_RAINBOWRACE_DESC,A unique reward for those who win the Rainbow Race.,รางวัลพิเศษสำหรับผู้ที่ชนะการแข่งขัน Rainbow Race
ACHIEVEMENT_RAINBOWRACE_TITLE,Speed Demon,Speed Demon
ACHIEVEMENT_RAINBOWRACE_WINS_NAME,Rainbow Race Champion,ผู้ชนะ Rainbow Race 
ACHIEVEMENT_RAINBOWRACE_WINS_DESC,Unique rewards based on the number of Rainbow Race wins!,รางวัลพิเศษขึ้นอยู่กับจำนวนชัยชนะของ Rainbow Race ของคุณ!
ACHIEVEMENT_MASTER110_TITLE,Master,Master
ACHIEVEMENT_DAILY_PLAY_TIME_PREMIUM_DESC,Use a Bonus Playtime Coupon (purchasable with fCoins) to unlock bonus rewards at each daily playtime milestone.,ใช้ fCoin เพื่อรับรางวัลในการเข้าร่วมเพิ่มเติม
ACHIEVEMENT_TOTAL_CONNECTION_PREMIUM_NAME,Bonus Login Rewards,ชุดการเชื่อมต่อ
ACHIEVEMENT_TOTAL_CONNECTION_PREMIUM_DESC,"Use a Bonus Login Coupon (purchasable with fCoins) to unlock bonus rewards for each day you log in. After completion, you can use another coupon to start over.",เข้าสู่ระบบ ครบตามจำนวนครั้งเพื่อรับรางวัลพรีเมี่ยม
ACHIEVEMENT_FWC_2024_BEGINNER_NAME,2024 FWC Beginner,2024 FWC Beginner
ACHIEVEMENT_FWC_2024_COMBATANT_NAME,2024 FWC Combatant,2024 FWC Combatant
ACHIEVEMENT_FWC_2024_COMBATANT_DESC,Reach level 60 in the 2024 Flyff World Championship.,Reach level 60 in the 2024 Flyff World Championship.
ACHIEVEMENT_FWC_2024_VANQUISHER_NAME,2024 FWC Vanquisher,2024 FWC Vanquisher
ACHIEVEMENT_FWC_2024_VANQUISHER_DESC,Reach level 100 in the 2024 Flyff World Championship.,Reach level 100 in the 2024 Flyff World Championship.
ACHIEVEMENT_FWC_2024_MASTER_NAME,2024 FWC Master,2024 FWC Master
ACHIEVEMENT_FWC_2024_MASTER_DESC,Reach level 160 in the 2024 Flyff World Championship.,Reach level 160 in the 2024 Flyff World Championship.
ACHIEVEMENT_FWC_2024_EMPEROR_NAME,2024 FWC Emperor,2024 FWC Emperor
ACHIEVEMENT_FWC_2024_EMPEROR_DESC,Complete all Gear Exchanges in the 2024 Flyff World Championship.,Complete all Gear Exchanges in the 2024 Flyff World Championship.
ACHIEVEMENT_COUPLE_FORM_01_NAME,Couple 1,Couple 1
ACHIEVEMENT_COUPLE_FORM_01_TITLE,Solo Escape,Solo Escape
ACHIEVEMENT_COUPLE_FORM_02_NAME,Couple 10,Couple 10
ACHIEVEMENT_COUPLE_FORM_02_TITLE,Experienced,Experienced
ACHIEVEMENT_COUPLE_FORM_03_NAME,Couple 100,Couple 100
ACHIEVEMENT_COUPLE_FORM_03_TITLE,Casanova,Casanova
ACHIEVEMENT_COUPLE_FORM_DESC,Find a partner and form a couple.,Find a partner and form a couple.
ACHIEVEMENT_COUPLE_LEVEL_01_NAME,Couple Level 5,Couple Level 5
ACHIEVEMENT_COUPLE_LEVEL_01_TITLE,Getting to Know,Getting to Know
ACHIEVEMENT_COUPLE_LEVEL_02_NAME,Couple Level 10,Couple Level 10
ACHIEVEMENT_COUPLE_LEVEL_02_TITLE,Close Acquaintances,Close Acquaintances
ACHIEVEMENT_COUPLE_LEVEL_03_NAME,Couple Level 15,Couple Level 15
ACHIEVEMENT_COUPLE_LEVEL_03_TITLE,Destined Couple,Destined Couple
ACHIEVEMENT_COUPLE_LEVEL_DESC,Raise your couple's level.,Raise your couple's level.
ACHIEVEMENT_COUPLE_DURATION_01_NAME,Couple Duration 100,Couple Duration 100
ACHIEVEMENT_COUPLE_DURATION_01_TITLE,100 Days of Love,100 Days of Love
ACHIEVEMENT_COUPLE_DURATION_02_NAME,Couple Duration 200,Couple Duration 200
ACHIEVEMENT_COUPLE_DURATION_02_TITLE,200 Days of Love,200 Days of Love
ACHIEVEMENT_COUPLE_DURATION_03_NAME,Couple Duration 365,Couple Duration 365
ACHIEVEMENT_COUPLE_DURATION_03_TITLE,365 Days of Love,365 Days of Love
ACHIEVEMENT_COUPLE_DURATION_DESC,Remain in a couple relationship for a set number of consecutive days.,Remain in a couple relationship for a set number of consecutive days.
ACHIEVEMENT_COUPLE_SKILL_NAME,Couple Skills,Couple Skills
ACHIEVEMENT_COUPLE_SKILL_TITLE,Better Together,Better Together
ACHIEVEMENT_COUPLE_SKILL_DESC,Use couple skills.,Use couple skills.
ACHIEVEMENT_COUPLE_MOTION_01_NAME,Couple Emotes 100,Couple Emotes 100
ACHIEVEMENT_COUPLE_MOTION_01_TITLE,Like Bread and Butter,Like Bread and Butter
ACHIEVEMENT_COUPLE_MOTION_02_NAME,Couple Emotes 1000,Couple Emotes 1000
ACHIEVEMENT_COUPLE_MOTION_02_TITLE,Great Couples Think Alike,Great Couples Think Alike
ACHIEVEMENT_COUPLE_MOTION_03_NAME,Couple Emotes 10000,Couple Emotes 10000
ACHIEVEMENT_COUPLE_MOTION_03_TITLE,"One Mind, One Body","One Mind, One Body"
ACHIEVEMENT_COUPLE_MOTION_DESC,Use couple emotes.,Use couple emotes.
ACHIEVEMENT_LIFE_MASTERY_GREAT_SUCCESS_NAME,Great Success!,Great Success!
ACHIEVEMENT_LIFE_MASTERY_GREAT_SUCCESS_TITLE01,Bonus Obtained,Bonus Obtained
ACHIEVEMENT_LIFE_MASTERY_GREAT_SUCCESS_TITLE02,Bonus-full,Bonus-full
ACHIEVEMENT_LIFE_MASTERY_GREAT_SUCCESS_DESC,Achieve a great success with a lifestyle skill.,Achieve a great success with a lifestyle skill.
ACHIEVEMENT_LIFE_MASTERY_POINTS_NAME,Earn mastery points.,Earn mastery points.
ACHIEVEMENT_LIFE_MASTERY_TITLE01,Lifestyle Beginner,Lifestyle Beginner
ACHIEVEMENT_LIFE_MASTERY_TITLE02,Lifestyle Newbie,Lifestyle Newbie
ACHIEVEMENT_LIFE_MASTERY_TITLE03,Lifestyle Expert,Lifestyle Expert
ACHIEVEMENT_LIFE_MASTERY_TITLE04,Lifestyle Guru,Lifestyle Guru
ACHIEVEMENT_LIFE_MASTERY_POINTS_DESC,Raise your Lifestyle mastery.,Raise your Lifestyle mastery.
ACHIEVEMENT_HERB_GATHERING_POINTS_NAME,Master of Herb Gathering,Master of Herb Gathering
ACHIEVEMENT_HERB_GATHERING_TITLE01,Newbie Gatherer,Newbie Gatherer
ACHIEVEMENT_HERB_GATHERING_TITLE02,Gatherer,Gatherer
ACHIEVEMENT_HERB_GATHERING_TITLE03,Expert Gatherer,Expert Gatherer
ACHIEVEMENT_HERB_GATHERING_TITLE04,Master Gatherer,Master Gatherer
ACHIEVEMENT_HERB_GATHERING_POINTS_DESC,Raise your Herb Gathering mastery.,Raise your Herb Gathering mastery.
ACHIEVEMENT_WOOD_CUTTING_POINTS_NAME,Master of Woodcutting,Master of Woodcutting
ACHIEVEMENT_WOOD_CUTTING_TITLE01,Newbie Lumberjack,Newbie Lumberjack
ACHIEVEMENT_WOOD_CUTTING_TITLE02,Lumberjack,Lumberjack
ACHIEVEMENT_WOOD_CUTTING_TITLE03,Expert Lumberjack,Expert Lumberjack
ACHIEVEMENT_WOOD_CUTTING_TITLE04,Master Lumberjack,Master Lumberjack
ACHIEVEMENT_WOOD_CUTTING_POINTS_DESC,Raise your Woodcutting mastery.,Raise your Woodcutting mastery.
ACHIEVEMENT_MINING_POINTS_NAME,Master of Mining,Master of Mining
ACHIEVEMENT_MINING_TITLE01,Newbie Miner,Newbie Miner
ACHIEVEMENT_MINING_TITLE02,Miner,Miner
ACHIEVEMENT_MINING_TITLE03,Expert Miner,Expert Miner
ACHIEVEMENT_MINING_TITLE04,Master Miner,Master Miner
ACHIEVEMENT_MINING_POINTS_DESC,Raise your Mining mastery.,Raise your Mining mastery.
ACHIEVEMENT_FISHING_POINTS_NAME,Master of Fishing,Master of Fishing
ACHIEVEMENT_FISHING_TITLE01,Newbie Fisher,Newbie Fisher
ACHIEVEMENT_FISHING_TITLE02,Fisher,Fisher
ACHIEVEMENT_FISHING_TITLE03,Expert Fisher,Expert Fisher
ACHIEVEMENT_FISHING_TITLE04,Master Fisher,Master Fisher
ACHIEVEMENT_FISHING_POINTS_DESC,Raise your Fishing mastery.,Raise your Fishing mastery.
ACHIEVEMENT_COOKING_POINTS_NAME,Master of Cooking,Master of Cooking
ACHIEVEMENT_COOKING_TITLE01,Newbie Cook,Newbie Cook
ACHIEVEMENT_COOKING_TITLE02,Cook,Cook
ACHIEVEMENT_COOKING_TITLE03,Expert Cook,Expert Cook
ACHIEVEMENT_COOKING_TITLE04,Master Cook,Master Cook
ACHIEVEMENT_COOKING_POINTS_DESC,Raise your Cooking mastery.,Raise your Cooking mastery.
ACHIEVEMENT_ALCHEMY_POINTS_NAME,Master of Alchemy,Master of Alchemy
ACHIEVEMENT_ALCHEMY_TITLE01,Newbie Alchemist,Newbie Alchemist
ACHIEVEMENT_ALCHEMY_TITLE02,Alchemist,Alchemist
ACHIEVEMENT_ALCHEMY_TITLE03,Expert Alchemist,Expert Alchemist
ACHIEVEMENT_ALCHEMY_TITLE04,Master Alchemist,Master Alchemist
ACHIEVEMENT_ALCHEMY_POINTS_DESC,Raise your Alchemy mastery.,Raise your Alchemy mastery.
ACHIEVEMENT_CARPENTRY_POINTS_NAME,Master of Carpentry,Master of Carpentry
ACHIEVEMENT_CARPENTRY_TITLE01,Newbie Carpenter,Newbie Carpenter
ACHIEVEMENT_CARPENTRY_TITLE02,Carpenter,Carpenter
ACHIEVEMENT_CARPENTRY_TITLE03,Expert Carpenter,Expert Carpenter
ACHIEVEMENT_CARPENTRY_TITLE04,Master Carpenter,Master Carpenter
ACHIEVEMENT_CARPENTRY_POINTS_DESC,Raise your Carpentry mastery.,Raise your Carpentry mastery.
ACHIEVEMENT_SMITHING_POINTS_NAME,Master of Smithing,Master of Smithing
ACHIEVEMENT_SMITHING_TITLE01,Newbie Smith,Newbie Smith
ACHIEVEMENT_SMITHING_TITLE02,Smith,Smith
ACHIEVEMENT_SMITHING_TITLE03,Expert Smith,Expert Smith
ACHIEVEMENT_SMITHING_TITLE04,Master Smith,Master Smith
ACHIEVEMENT_SMITHING_POINTS_DESC,Raise your Smithing mastery.,Raise your Smithing mastery.
ACHIEVEMENT_FWCPVP2WINNER_NAME,2024 FWC Arena Champion,2024 FWC Arena Champion
ACHIEVEMENT_FWCPVP2WINNER_DESC,Win the 2024 Flyff World Championship PvP Competition.,Win the 2024 Flyff World Championship PvP Competition.
ACHIEVEMENT_FWCPVP2SECOND_NAME,2024 FWC Arena 2nd,2024 FWC Arena 2nd
ACHIEVEMENT_FWCPVP2SECOND_DESC,Get second place in the 2024 Flyff World Championship PvP Competition.,Get second place in the 2024 Flyff World Championship PvP Competition.
ACHIEVEMENT_FWCPVP2THIRD_NAME,2024 FWC Arena 3rd,2024 FWC Arena 3rd
ACHIEVEMENT_FWCPVP2THIRD_DESC,Get third place in the 2024 Flyff World Championship PvP Competition.,Get third place in the 2024 Flyff World Championship PvP Competition.
ACHIEVEMENT_FWCPVP2FINALIST_NAME,2024 FWC Arena Finalist,2024 FWC Arena Finalist
ACHIEVEMENT_FWCPVP2FINALIST_DESC,Participate in the 2024 Flyff World Championship PvP Finals.,Participate in the 2024 Flyff World Championship PvP Finals.
ACHIEVEMENT_MASTER125_NAME,Hero 125 - 140,Hero 125 - 140
ACHIEVEMENT_MASTER125_DESC,Complete the second Hero Quest.,Complete the second Hero Quest.
ACHIEVEMENT_MASTER140_NAME,Hero 140 - 160,Hero 140 - 160
ACHIEVEMENT_MASTER140_DESC,Complete the third Hero Quest.,Complete the third Hero Quest.
ACHIEVEMENT_CHRISTMAS_ATTENDANCE_NAME,Christmas Gift for all Flyffers,Christmas Gift for all Flyffers
ACHIEVEMENT_CHRISTMAS_ATTENDANCE_DESC,Log in each day for 30 minutes to receive rewards!,Log in each day for 30 minutes to receive rewards!
ACHIEVEMENT_CHRISTMAS_INVASION,Christmas Invasion,Christmas Invasion
ACHIEVEMENT_ATTENDANCE_NAME,Playtime Event,Playtime Event
ACHIEVEMENT_ATTENDANCE_DESC,Log in each day for 40 minutes to receive rewards!,เข้าสู่ระบบวันละ 40 นาทีแล้วรับรางวัล!
ACHIEVEMENT_ATTENDANCE_LVL1,Day 1,วันที่1
ACHIEVEMENT_ATTENDANCE_LVL2,Day 2,วันที่2
ACHIEVEMENT_ATTENDANCE_LVL3,Day 3,วันที่3
ACHIEVEMENT_ATTENDANCE_LVL4,Day 4,วันที่4
ACHIEVEMENT_ATTENDANCE_LVL5,Day 5,วันที่5
ACHIEVEMENT_ATTENDANCE_LVL6,Day 6,วันที่6
ACHIEVEMENT_ATTENDANCE_LVL7,Day 7,วันที่7
ACHIEVEMENT_ATTENDANCE_LVL8,Day 8,วันที่8
ACHIEVEMENT_ATTENDANCE_LVL9,Day 9,วันที่9
ACHIEVEMENT_ATTENDANCE_LVL10,Day 10,วันที่10
ACHIEVEMENT_ATTENDANCE_LVL11,Day 11,วันที่11
ACHIEVEMENT_ATTENDANCE_LVL12,Day 12,วันที่12
ACHIEVEMENT_ATTENDANCE_LVL13,Day 13,วันที่13
ACHIEVEMENT_ATTENDANCE_LVL14,Day 14,วันที่14
ACHIEVEMENT_ATTENDANCE_LVL15,Day 15,วันที่15
ACHIEVEMENT_ATTENDANCE_LVL16,Day 16,วันที่16
ACHIEVEMENT_ATTENDANCE_LVL17,Day 17,วันที่17
ACHIEVEMENT_ATTENDANCE_LVL18,Day 18,วันที่18
ACHIEVEMENT_ATTENDANCE_LVL19,Day 19,วันที่19
ACHIEVEMENT_ATTENDANCE_LVL20,Day 20,วันที่20
ACHIEVEMENT_ATTENDANCE_LVL21,Day 21,วันที่21
ACHIEVEMENT_ATTENDANCE_LVL22,Day 22,วันที่22
ACHIEVEMENT_ATTENDANCE_LVL23,Day 23,23
ACHIEVEMENT_ATTENDANCE_LVL24,Day 24,วันที่24
ACHIEVEMENT_ATTENDANCE_LVL25,Day 25,วันที่25 
ACHIEVEMENT_ATTENDANCE_LVL26,Day 26,วันที่26
ACHIEVEMENT_ATTENDANCE_LVL27,Day 27,วันที่27
ACHIEVEMENT_ATTENDANCE_LVL28,Day 28,วันที่28
ACHIEVEMENT_ATTENDANCE_LVL29,Day 29,Day 29
ACHIEVEMENT_ATTENDANCE_LVL30,Day 30,วันที่30
ACHIEVEMENT_ATTENDANCE_LVL31,Day 31,Day 31
ACHIEVEMENT_ATTENDANCE_LVL32,Day 32,Day 32
ACHIEVEMENT_ATTENDANCE_LVL33,Day 33,Day 33
ACHIEVEMENT_ATTENDANCE_LVL34,Day 34,Day 34
ACHIEVEMENT_ATTENDANCE_LVL35,Day 35,Day 35
ACHIEVEMENT_ATTENDANCE_LVL36,Day 36,Day 36
ACHIEVEMENT_ATTENDANCE_LVL37,Day 37,Day 37
ACHIEVEMENT_ATTENDANCE_LVL38,Day 38,Day 38
ACHIEVEMENT_ATTENDANCE_LVL39,Day 39,Day 39
ACHIEVEMENT_ATTENDANCE_LVL40,Day 40,Day 40
ACHIEVEMENT_ATTENDANCE_LVL41,Day 41,Day 41
ACHIEVEMENT_ATTENDANCE_LVL42,Day 42,Day 42
ACHIEVEMENT_NEWYEAR_ATTENDANCE,New Year Event,New Year Event
ACHIEVEMENT_PLAYTIME_30,Play 30m,Play 30m
ACHIEVEMENT_PLAYTIME_60,Play 1h,Play 1h
ACHIEVEMENT_PLAYTIME_90,Play 1h 30m,Play 1h 30m
ACHIEVEMENT_PLAYTIME_120,Play 2h,Play 2h
ACHIEVEMENT_PLAYTIME_150,Play 2h 30m,Play 2h 30m
ACHIEVEMENT_PLAYTIME_180,Play 3h,Play 3h
ACHIEVEMENT_PLAYTIME_210,Play 3h 30m,Play 3h 30m
ACHIEVEMENT_PLAYTIME_240,Play 4h,Play 4h
ACHIEVEMENT_PLAYTIME_270,Play 4h 30m,Play 4h 30m
ACHIEVEMENT_PLAYTIME_300,Play 5h,Play 5h
ACHIEVEMENT_PLAYTIME_330,Play 5h 30m,Play 5h 30m
ACHIEVEMENT_PLAYTIME_360,Play 6h,Play 6h
ACHIEVEMENT_PLAYTIME_390,Play 6h 30m,Play 6h 30m
ACHIEVEMENT_PLAYTIME_420,Play 7h,Play 7h
ACHIEVEMENT_PLAYTIME_450,Play 7h 30m,Play 7h 30m
ACHIEVEMENT_PLAYTIME_480,Play 8h,Play 8h
ACHIEVEMENT_PLAYTIME_510,Play 8h 30m,Play 8h 30m
ACHIEVEMENT_PLAYTIME_540,Play 9h,Play 9h
ACHIEVEMENT_PLAYTIME_570,Play 9h 30m,Play 9h 30m
ACHIEVEMENT_PLAYTIME_600,Play 10h,Play 10h
ACHIEVEMENT_PLAYTIME_630,Play 10h 30m,Play 10h 30m
ACHIEVEMENT_PLAYTIME_660,Play 11h,Play 11h
ACHIEVEMENT_PLAYTIME_690,Play 11h 30m,Play 11h 30m
ACHIEVEMENT_PLAYTIME_720,Play 12h,Play 12h
ACHIEVEMENT_PLAYTIME_750,Play 12h 30m,Play 12h 30m
ACHIEVEMENT_PLAYTIME_780,Play 13h,Play 13h
ACHIEVEMENT_PLAYTIME_810,Play 13h 30m,Play 13h 30m
ACHIEVEMENT_PLAYTIME_840,Play 14h,Play 14h
ACHIEVEMENT_PLAYTIME_870,Play 14h 30m,Play 14h 30m
ACHIEVEMENT_PLAYTIME_900,Play 15h,Play 15h
ACHIEVEMENT_PLAYTIME_930,Play 15h 30m,Play 15h 30m
ACHIEVEMENT_PLAYTIME_960,Play 16h,Play 16h
ACHIEVEMENT_PLAYTIME_990,Play 16h 30m,Play 16h 30m
ACHIEVEMENT_PLAYTIME_1020,Play 17h,Play 17h
ACHIEVEMENT_PLAYTIME_1050,Play 17h 30m,Play 17h 30m
ACHIEVEMENT_PLAYTIME_1080,Play 18h,Play 18h
ACHIEVEMENT_PLAYTIME_1110,Play 18h 30m,Play 18h 30m
ACHIEVEMENT_PLAYTIME_1140,Play 19h,Play 19h
ACHIEVEMENT_PLAYTIME_1170,Play 19h 30m,Play 19h 30m
ACHIEVEMENT_PLAYTIME_1200,Play 20h,Play 20h
ACHIEVEMENT_PLAYTIME_1230,Play 20h 30m,Play 20h 30m
ACHIEVEMENT_PLAYTIME_1260,Play 21h,Play 21h
ACHIEVEMENT_PLAYTIME_1290,Play 21h 30m,Play 21h 30m
ACHIEVEMENT_PLAYTIME_1320,Play 22h,Play 22h
ACHIEVEMENT_PLAYTIME_1350,Play 22h 30m,Play 22h 30m
ACHIEVEMENT_PLAYTIME_1380,Play 23h,Play 23h
ACHIEVEMENT_PLAYTIME_1410,Play 23h 30m,Play 23h 30m
ACHIEVEMENT_PLAYTIME_1439,Play 23h 59m,Play 23h 59m
ACHIEVEMENT_YEAROFTHESNAKE,Year of the Snake,Year of the Snake
ACHIEVEMENT_EASTER_EGG_2025,Find Easter Eggs,Find Easter Eggs
ACHIEVEMENT_EASTER_EGG_5,Gather 5 Easter Eggs,Gather 5 Easter Eggs
ACHIEVEMENT_EASTER_EGG_10,Gather 10 Easter Eggs,Gather 10 Easter Eggs
ACHIEVEMENT_EASTER_EGG_15,Gather 15 Easter Eggs,Gather 15 Easter Eggs
ACHIEVEMENT_EASTER_EGG_20,Gather 20 Easter Eggs,Gather 20 Easter Eggs
ACHIEVEMENT_3RD_ANNIV_ATTENDANCE,3rd Anniversary Daily Login,3rd Anniversary Daily Login
ACHIEVEMENT_FWC_2025_BEGINNER_NAME,2025 FWC Beginner,2025 FWC Beginner
ACHIEVEMENT_FWC_2025_BRAWLER_NAME,2025 FWC Brawler,2025 FWC Brawler
ACHIEVEMENT_FWC_2025_WARRIOR_NAME,2025 FWC Warrior,2025 FWC Warrior
ACHIEVEMENT_FWC_2025_SAVIOR_NAME,2025 FWC Savior,2025 FWC Savior
ACHIEVEMENT_FWC_2025_SAVIOR_DESC,Reach level 140 in the 2025 Flyff World Championship.,Reach level 140 in the 2025 Flyff World Championship.
ACHIEVEMENT_FWC_2025_OVERLORD_NAME,2025 FWC Overlord,2025 FWC Overlord
ACHIEVEMENT_FWC_2025_OVERLORD_DESC,Reach level 150 in the 2025 Flyff World Championship.,Reach level 150 in the 2025 Flyff World Championship.
ACHIEVEMENT_FWC_2025_MASTER_NAME,2025 FWC Master,2025 FWC Master
ACHIEVEMENT_FWC_2025_DAILY_PLAY_DESC,Use an FWC Bonus Playtime Coupon to earn rewards.\nYou can obtain the item from the 2025 FWC Championship Pass free rewards!,Use an FWC Bonus Playtime Coupon to earn rewards.\nYou can obtain the item from the 2025 FWC Championship Pass free rewards!
ACHIEVEMENT_FWC_2025_PVE_1ST_NAME,2025 FWC Colosseum Champion,2025 FWC Colosseum Champion
ACHIEVEMENT_FWC_2025_PVE_1ST_DESC,Win the 2025 Flyff World Championship PvE Competition.,Win the 2025 Flyff World Championship PvE Competition.
ACHIEVEMENT_FWC_2025_PVE_2ND_NAME,2025 FWC Colosseum 2nd,2025 FWC Colosseum 2nd
ACHIEVEMENT_FWC_2025_PVE_2ND_DESC,Get second place in the 2025 Flyff World Championship PvE Competition.,Get second place in the 2025 Flyff World Championship PvE Competition.
ACHIEVEMENT_FWC_2025_PVE_3RD_NAME,2025 FWC Colosseum 3rd,2025 FWC Colosseum 3rd
ACHIEVEMENT_FWC_2025_PVE_3RD_DESC,Get third place in the 2025 Flyff World Championship PvE Competition.,Get third place in the 2025 Flyff World Championship PvE Competition.
ACHIEVEMENT_FWC_2025_PVE_PARTICIPANT_NAME,2025 FWC Colosseum Participant,2025 FWC Colosseum Participant
ACHIEVEMENT_FWC_2025_PVE_PARTICIPANT_DESC,Participate in the 2025 Flyff World Championship PvE Competition.,Participate in the 2025 Flyff World Championship PvE Competition.
ACHIEVEMENT_FWC_2025_PVP_1ST_NAME,2025 FWC Arena Champion,2025 FWC Arena Champion
ACHIEVEMENT_FWC_2025_PVP_1ST_DESC,Win the 2025 Flyff World Championship PvP Competition.,Win the 2025 Flyff World Championship PvP Competition.
ACHIEVEMENT_FWC_2025_PVP_2ND_NAME,2025 FWC Arena 2nd,2025 FWC Arena 2nd
ACHIEVEMENT_FWC_2025_PVP_2ND_DESC,Get second place in the 2025 Flyff World Championship PvP Competition.,Get second place in the 2025 Flyff World Championship PvP Competition.
ACHIEVEMENT_FWC_2025_PVP_3RD_NAME,2025 FWC Arena 3rd,2025 FWC Arena 3rd
ACHIEVEMENT_FWC_2025_PVP_3RD_DESC,Get third place in the 2025 Flyff World Championship PvP Competition.,Get third place in the 2025 Flyff World Championship PvP Competition.
ACHIEVEMENT_FWC_2025_PVP_FINALIST_NAME,2025 FWC Arena Finalist,2025 FWC Arena Finalist
ACHIEVEMENT_FWC_2025_PVP_FINALIST_DESC,Participate in the 2025 Flyff World Championship PvP Finals.,Participate in the 2025 Flyff World Championship PvP Finals.
ACHIEVEMENT_FWC_2025_PVP_PARTICIPANT_NAME,2025 FWC Arena Participant,2025 FWC Arena Participant
ACHIEVEMENT_FWC_2025_PVP_PARTICIPANT_DESC,Participate in the 2025 Flyff World Championship PvP Qualifications.,Participate in the 2025 Flyff World Championship PvP Qualifications.
ACHIEVEMENT_FWC_2025_HIGHROLLER_NAME,2025 FWC High Roller,2025 FWC High Roller
ACHIEVEMENT_FWC_2025_HIGHROLLER_DESC,An honorable title awarded to the player who earned the most Champion Coins across all servers.,An honorable title awarded to the player who earned the most Champion Coins across all servers.
ACHIEVEMENT_FWC_2025_LUCKYSTREAK_NAME,2025 FWC Lucky Streak,2025 FWC Lucky Streak
ACHIEVEMENT_FWC_2025_LUCKYSTREAK_DESC,An honorable title awarded to the player who almost earned the most Champion Coins across all servers.,An honorable title awarded to the player who almost earned the most Champion Coins across all servers.
ACHIEVEMENT_FWC_2025_WHALE_NAME,2025 FWC Whale,2025 FWC Whale
ACHIEVEMENT_FWC_2025_WHALE_DESC,Awarded to the player who earned the most Champion Coins within their own server.,Awarded to the player who earned the most Champion Coins within their own server.
ACHIEVEMENT_FWC_2025_THEUNLUCKY_NAME,2025 FWC The Unlucky,2025 FWC The Unlucky
ACHIEVEMENT_FWC_2025_THEUNLUCKY_DESC,Awarded to the player who spent many FWC Coins but earned the fewest Champion Coins within their own server.,Awarded to the player who spent many FWC Coins but earned the fewest Champion Coins within their own server.
ACHIEVEMENT_FWC_2025_PARTNERSTREAMER_NAME,2025 FWC Partner Streamer,2025 FWC Partner Streamer
ACHIEVEMENT_FWC_2025_PARTNERSTREAMER_ESC,Awarded to partner streamers during the 2025 Flyff World Championship.,Awarded to partner streamers during the 2025 Flyff World Championship.
ACHIEVEMENT_UPGRADE_1,Upgrade +1,Upgrade +1
ACHIEVEMENT_UPGRADE_2,Upgrade +2,Upgrade +2
ACHIEVEMENT_UPGRADE_3,Upgrade +3,Upgrade +3
ACHIEVEMENT_UPGRADE_4,Upgrade +4,Upgrade +4
ACHIEVEMENT_UPGRADE_5,Upgrade +5,Upgrade +5
ACHIEVEMENT_UPGRADE_6,Upgrade +6,Upgrade +6
ACHIEVEMENT_UPGRADE_7,Upgrade +7,Upgrade +7
ACHIEVEMENT_UPGRADE_8,Upgrade +8,Upgrade +8
ACHIEVEMENT_UPGRADE_9,Upgrade +9,Upgrade +9
ACHIEVEMENT_UPGRADE_10,Upgrade +10,Upgrade +10
ACHIEVEMENT_MASTER160_NAME,Hero 160 - 180,Hero 160 - 180
ACHIEVEMENT_MASTER160_DESC,Complete the fourth Hero Quest.,Complete the fourth Hero Quest.
ACHIEVEMENT_15UPDATE_ATTENDANCE_NAME,1.5 Update Playtime Event,1.5 Update Playtime Event
ACHIEVEMENT_15UPDATE_ATTENDANCE_DESC,Log in each day for 40 minutes to receive rewards!,เข้าสู่ระบบวันละ 40 นาทีแล้วรับรางวัล!
ACHIEVEMENT_15UPDATE_INTOTHEEILLUN_NAME,Into the Eillun,Into the Eillun
ACHIEVEMENT_15UPDATE_INTOTHEEILLUN_DESC,Complete the main quests to earn rewards during the event!,Complete the main quests to earn rewards during the event!
ACHIEVEMENT_15UPDATE_WORKERSOFTHEKAILLUN_NAME,Workers of the Kaillun,Workers of the Kaillun
ACHIEVEMENT_15UPDATE_WORKERSOFTHEKAILLUN_DESC,Complete the daily quests in Kaillun to earn rewards during the event!,Complete the daily quests in Kaillun to earn rewards during the event!
ACHIEVEMENT_15UPDATE_WORKERSOFTHEKAILLUN_LVL1,Complete Kaillun Daily Quests 10 times.,Complete Kaillun Daily Quests 10 times.
ACHIEVEMENT_15UPDATE_WORKERSOFTHEKAILLUN_LVL2,Complete Kaillun Daily Quests 20 times.,Complete Kaillun Daily Quests 20 times.
ACHIEVEMENT_15UPDATE_WORKERSOFTHEKAILLUN_LVL3,Complete Kaillun Daily Quests 30 times.,Complete Kaillun Daily Quests 30 times.
ACHIEVEMENT_15UPDATE_WORKERSOFTHEKAILLUN_LVL4,Complete Kaillun Daily Quests 45 times.,Complete Kaillun Daily Quests 45 times.
ACHIEVEMENT_15UPDATE_WORKERSOFTHEKAILLUN_LVL5,Complete Kaillun Daily Quests 60 times.,Complete Kaillun Daily Quests 60 times.
ACHIEVEMENT_TAKETHEANKOUSASYLUM_NAME,Take the Ankou's Asylum,Take the Ankou's Asylum
ACHIEVEMENT_TAKETHEANKOUSASYLUM_DESC,Challenge yourself with a new dungeon! Defeat Ankou to earn rewards during the event!,Challenge yourself with a new dungeon! Defeat Ankou to earn rewards during the event!
ACHIEVEMENT_KILL_ANKOU,Defeat Ankou,Defeat Ankou
ACHIEVEMENT_KILL_BLAZINGANKOU,Defeat Blazing Ankou,Defeat Blazing Ankou
ACHIEVEMENT_KILL_DEMONICANKOU,Defeat Demonic Ankou,Defeat Demonic Ankou
ACHIEVEMENT_SYNTHESIZE_ULTIMATE_JEWEL_NAME,Ultimate Jewel Synthesis Event,Ultimate Jewel Synthesis Event
ACHIEVEMENT_SYNTHESIZE_ULTIMATE_JEWEL_DESC,Synthesize Ultimate Jewels to earn rewards during the event!,Synthesize Ultimate Jewels to earn rewards during the event!
ACHIEVEMENT_LEVEL_LVL13,Specialist Level 1,Specialist Level 1
ACHIEVEMENT_LEVEL_LVL14,Specialist Level 2,Specialist Level 2
ACHIEVEMENT_LEVEL_LVL15,Specialist Level 3,Specialist Level 3
ACHIEVEMENT_FIRST_190_NAME,The First Vindicator,The First Vindicator
ACHIEVEMENT_FIRST_190_DESC,Awarded to the first player to reach level 190.,Awarded to the first player to reach level 190.
ACHIEVEMENT_YEAROFTHEHORSE,Year of the Horse,Year of the Horse
ACHIEVEMENT_FWC_2026_BEGINNER_NAME,2026 FWC Beginner,2026 FWC Beginner
ACHIEVEMENT_FWC_2026_BEGINNER_DESC,Reach level 16 in the 2026 Flyff World Championship.,Reach level 16 in the 2026 Flyff World Championship.
ACHIEVEMENT_FWC_2026_BRAWLER_NAME,2026 FWC Brawler,2026 FWC Brawler
ACHIEVEMENT_FWC_2026_BRAWLER_DESC,Reach level 60 in the 2026 Flyff World Championship.,Reach level 60 in the 2026 Flyff World Championship.
ACHIEVEMENT_FWC_2026_WARRIOR_NAME,2026 FWC Warrior,2026 FWC Warrior
ACHIEVEMENT_FWC_2026_WARRIOR_DESC,Reach level 140 in the 2026 Flyff World Championship.,Reach level 140 in the 2026 Flyff World Championship.
ACHIEVEMENT_FWC_2026_SAVIOR_NAME,2026 FWC Savior,2026 FWC Savior
ACHIEVEMENT_FWC_2026_SAVIOR_DESC,Reach level 150 in the 2026 Flyff World Championship.,Reach level 150 in the 2026 Flyff World Championship.
ACHIEVEMENT_FWC_2026_OVERLORD_NAME,2026 FWC Overlord,2026 FWC Overlord
ACHIEVEMENT_FWC_2026_OVERLORD_DESC,Reach level 165 in the 2026 Flyff World Championship.,Reach level 165 in the 2026 Flyff World Championship.
ACHIEVEMENT_FWC_2026_MASTER_NAME,2026 FWC Master,2026 FWC Master
ACHIEVEMENT_FWC_2026_MASTER_DESC,Complete all Gear Exchanges in the 2026 Flyff World ,Complete all Gear Exchanges in the 2026 Flyff World 
ACHIEVEMENT_4TH_ANNIV_ATTENDANCE,4th Anniversary Daily Login,4th Anniversary Daily Login
ACHIEVEMENT_FWC_2026_GUILDPRIDE_NAME,2026 FWC Guild Pride,2026 FWC Guild Pride
ACHIEVEMENT_FWC_2026_GUILDPRIDE_DESC,Special title to commemorate the participation of 2026 FWC Guild Spotlight Video Showcase,Special title to commemorate the participation of 2026 FWC Guild Spotlight Video Showcase
ACHIEVEMENT_KILL_DREAMFLAME01_NAME,Blossom,Blossom
ACHIEVEMENT_KILL_DREAMFLAME01_TITLE,Leafbane,Leafbane
ACHIEVEMENT_KILL_DREAMFLAME01_LVL1,Blossom Slayer 1,Blossom Slayer 1
ACHIEVEMENT_KILL_DREAMFLAME01_LVL2,Blossom Slayer 2,Blossom Slayer 2
ACHIEVEMENT_KILL_DREAMFLAME01_LVL3,Blossom Slayer 3,Blossom Slayer 3
ACHIEVEMENT_KILL_DREAMFLAME01_LVL4,Blossom Slayer 4,Blossom Slayer 4
ACHIEVEMENT_KILL_DREAMFLAME01_LVL5,Blossom Hunter,Blossom Hunter
ACHIEVEMENT_KILL_DREAMOLDRUT01_NAME,Oldroot,Oldroot
ACHIEVEMENT_KILL_DREAMOLDRUT01_TITLE,Rootbreaker,Rootbreaker
ACHIEVEMENT_KILL_DREAMOLDRUT01_LVL1,Oldroot Slayer 1,Oldroot Slayer 1
ACHIEVEMENT_KILL_DREAMOLDRUT01_LVL2,Oldroot Slayer 2,Oldroot Slayer 2
ACHIEVEMENT_KILL_DREAMOLDRUT01_LVL3,Oldroot Slayer 3,Oldroot Slayer 3
ACHIEVEMENT_KILL_DREAMOLDRUT01_LVL4,Oldroot Slayer 4,Oldroot Slayer 4
ACHIEVEMENT_KILL_DREAMOLDRUT01_LVL5,Oldroot Hunter,Oldroot Hunter
ACHIEVEMENT_KILL_DREAMMINIMUSHU01_NAME,Minimusha,Minimusha
ACHIEVEMENT_KILL_DREAMMINIMUSHU01_TITLE,Amberdown,Amberdown
ACHIEVEMENT_KILL_DREAMMINIMUSHU01_LVL1,Minimusha Slayer 1,Minimusha Slayer 1
ACHIEVEMENT_KILL_DREAMMINIMUSHU01_LVL2,Minimusha Slayer 2,Minimusha Slayer 2
ACHIEVEMENT_KILL_DREAMMINIMUSHU01_LVL3,Minimusha Slayer 3,Minimusha Slayer 3
ACHIEVEMENT_KILL_DREAMMINIMUSHU01_LVL4,Minimusha Slayer 4,Minimusha Slayer 4
ACHIEVEMENT_KILL_DREAMMINIMUSHU01_LVL5,Minimusha Hunter,Minimusha Hunter
ACHIEVEMENT_KILL_DREAMLADYBLUM01_NAME,Lady Bloom,Lady Bloom
ACHIEVEMENT_KILL_DREAMLADYBLUM01_TITLE,Bloomfall,Bloomfall
ACHIEVEMENT_KILL_DREAMLADYBLUM01_LVL1,Lady Bloom Slayer 1,Lady Bloom Slayer 1
ACHIEVEMENT_KILL_DREAMLADYBLUM01_LVL2,Lady Bloom Slayer 2,Lady Bloom Slayer 2
ACHIEVEMENT_KILL_DREAMLADYBLUM01_LVL3,Lady Bloom Slayer 3,Lady Bloom Slayer 3
ACHIEVEMENT_KILL_DREAMLADYBLUM01_LVL4,Lady Bloom Slayer 4,Lady Bloom Slayer 4
ACHIEVEMENT_KILL_DREAMLADYBLUM01_LVL5,Lady Bloom Hunter,Lady Bloom Hunter
ACHIEVEMENT_KILL_DREAMRAPRA01_NAME,Mushbro,Mushbro
ACHIEVEMENT_KILL_DREAMRAPRA01_TITLE,Mushi,Mushi
ACHIEVEMENT_KILL_DREAMRAPRA01_LVL1,Mushbro Slayer 1,Mushbro Slayer 1
ACHIEVEMENT_KILL_DREAMRAPRA01_LVL2,Mushbro Slayer 2,Mushbro Slayer 2
ACHIEVEMENT_KILL_DREAMRAPRA01_LVL3,Mushbro Slayer 3,Mushbro Slayer 3
ACHIEVEMENT_KILL_DREAMRAPRA01_LVL4,Mushbro Slayer 4,Mushbro Slayer 4
ACHIEVEMENT_KILL_DREAMRAPRA01_LVL5,Mushbro Hunter,Mushbro Hunter
ACHIEVEMENT_KILL_DREAMNIGHTMIST01_NAME,Nightmyst,Nightmyst
ACHIEVEMENT_KILL_DREAMNIGHTMIST01_TITLE,Shadowbane,Shadowbane
ACHIEVEMENT_KILL_DREAMNIGHTMIST01_LVL1,Nightmyst Slayer 1,Nightmyst Slayer 1
ACHIEVEMENT_KILL_DREAMNIGHTMIST01_LVL2,Nightmyst Slayer 2,Nightmyst Slayer 2
ACHIEVEMENT_KILL_DREAMNIGHTMIST01_LVL3,Nightmyst Slayer 3,Nightmyst Slayer 3
ACHIEVEMENT_KILL_DREAMNIGHTMIST01_LVL4,Nightmyst Slayer 4,Nightmyst Slayer 4
ACHIEVEMENT_KILL_DREAMNIGHTMIST01_LVL5,Nightmyst Hunter,Nightmyst Hunter
ACHIEVEMENT_KILL_DREAMQEEN01_NAME,[Queen of Thorns] Entaness,[Queen of Thorns] Entaness
ACHIEVEMENT_KILL_DREAMQEEN01_TITLE,Queen,Queen
ACHIEVEMENT_KILL_DREAMQEEN01_LVL1,[Queen of Thorns] Entaness Slayer 1,[Queen of Thorns] Entaness Slayer 1
ACHIEVEMENT_KILL_DREAMQEEN01_LVL2,[Queen of Thorns] Entaness Slayer 2,[Queen of Thorns] Entaness Slayer 2
ACHIEVEMENT_KILL_DREAMQEEN01_LVL3,[Queen of Thorns] Entaness Slayer 3,[Queen of Thorns] Entaness Slayer 3
ACHIEVEMENT_KILL_DREAMQEEN01_LVL4,[Queen of Thorns] Entaness Slayer 4,[Queen of Thorns] Entaness Slayer 4
ACHIEVEMENT_KILL_DREAMQEEN01_LVL5,[Queen of Thorns] Entaness Hunter,[Queen of Thorns] Entaness Hunter
ACHIEVEMENT_155UPDATE_MAINQUEST_NAME,Meet the Euphresia Dungeon,Meet the Euphresia Dungeon
ACHIEVEMENT_155UPDATE_GODDESSANDDEMON,Love from Goddess and Demon,Love from Goddess and Demon
ACHIEVEMENT_155UPDATE_GODDESSANDDEMON_DESC,Use Blessing of the Goddess or Blessing of the Demon to receive special rewards!,Use Blessing of the Goddess or Blessing of the Demon to receive special rewards!
ACHIEVEMENT_155UPDATE_PROLUMBERJACK,Pro Lumberjack,Pro Lumberjack
ACHIEVEMENT_155UPDATE_PROLUMBERJACK_DESC,Hunt the new dungeon boss a set number of times during the event period to receive rewards!,Hunt the new dungeon boss a set number of times during the event period to receive rewards!
